SubjectNumber,observed_age,oof_prediction,residual_age_minus_prediction,subset_id
1,14.25,14.648697129975226,-0.3986971299752255,groups_111111
2,15.75,14.313623747635738,1.436376252364262,groups_111111
3,15.833333333333334,12.31940411455737,3.5139292187759636,groups_111111
5,15.333333333333334,16.166755499235975,-0.8334221659026415,groups_111111
6,12.833333333333334,12.807393531214084,0.0259398021192502,groups_111111
7,13.333333333333334,12.81131135420511,0.5220219791282243,groups_111111
8,15.333333333333334,13.828084188917876,1.5052491444154563,groups_111111
9,13.333333333333334,13.099349028831371,0.2339843045019609,groups_111111
12,15.416666666666666,12.4465211659056,2.970145500761065,groups_111111
13,14.083333333333334,12.548227013899258,1.5351063194340764,groups_111111
14,12.916666666666666,14.911748333628651,-1.995081666961985,groups_111111
15,13.166666666666666,13.84627295899595,-0.679606292329284,groups_111111
16,12.166666666666666,12.824134918134508,-0.6574682514678418,groups_111111
17,12.25,12.956664739651451,-0.7066647396514512,groups_111111
18,13.083333333333334,13.529829528748282,-0.446496195414948,groups_111111
19,18.75,17.329460142676893,1.4205398573231065,groups_111111
21,12.0,14.11112374575726,-2.111123745757262,groups_111111
22,15.333333333333334,12.777191003455124,2.5561423298782113,groups_111111
23,18.416666666666668,15.710135233802164,2.7065314328645034,groups_111111
24,15.166666666666666,15.069072756754489,0.0975939099121792,groups_111111
25,14.0,15.464184037653173,-1.4641840376531725,groups_111111
26,14.583333333333334,14.216229336726595,0.3671039966067368,groups_111111
27,12.75,14.479702129513766,-1.7297021295137665,groups_111111
28,14.166666666666666,14.62138768509755,-0.4547210184308845,groups_111111
29,12.666666666666666,12.305946088609142,0.3607205780575242,groups_111111
30,12.083333333333334,11.958943856174768,0.1243894771585658,groups_111111
32,14.166666666666666,14.16375289315,0.0029137735166671,groups_111111
34,13.083333333333334,14.560158379347964,-1.4768250460146302,groups_111111
36,17.166666666666668,16.569730836497836,0.5969358301688317,groups_111111
37,17.916666666666668,16.801976273643046,1.114690393023622,groups_111111
38,14.166666666666666,15.13961496869162,-0.9729483020249532,groups_111111
40,13.166666666666666,14.403604783674783,-1.236938117008119,groups_111111
41,17.833333333333332,14.9188230941075,2.914510239225832,groups_111111
43,17.583333333333332,17.26747445162387,0.3158588817094632,groups_111111
44,13.666666666666666,15.04664027004022,-1.3799736033735552,groups_111111
45,16.583333333333332,16.628885199632162,-0.0455518662988296,groups_111111
46,14.0,15.0822170540299,-1.0822170540299003,groups_111111
49,16.333333333333332,17.218050792741533,-0.8847174594082006,groups_111111
50,17.833333333333332,17.226256786812705,0.6070765465206271,groups_111111
51,14.833333333333334,16.27796012307338,-1.444626789740047,groups_111111
52,15.833333333333334,16.508747591761278,-0.6754142584279439,groups_111111
53,17.25,15.594490781254311,1.6555092187456886,groups_111111
54,17.416666666666668,16.32356293704718,1.0931037296194894,groups_111111
55,16.75,15.824073231683844,0.925926768316156,groups_111111
56,16.083333333333332,13.831557502700855,2.251775830632477,groups_111111
58,14.75,14.689788452430822,0.0602115475691782,groups_111111
59,12.416666666666666,12.590579102161508,-0.1739124354948416,groups_111111
60,14.583333333333334,15.952924806061556,-1.3695914727282226,groups_111111
101,10.083333333333334,10.40341814014334,-0.3200848068100068,groups_111111
102,7.833333333333333,5.623896892432376,2.209436440900957,groups_111111
104,5.916666666666667,4.620499876347339,1.2961667903193277,groups_111111
106,11.0,11.984954571947489,-0.9849545719474868,groups_111111
108,5.583333333333333,7.579440550545168,-1.9961072172118357,groups_111111
109,8.666666666666666,11.0913291414012,-2.424662474734534,groups_111111
110,11.416666666666666,11.715189331824254,-0.2985226651575878,groups_111111
112,4.416666666666667,5.7733482441011486,-1.3566815774344816,groups_111111
113,7.0,5.871808371144252,1.128191628855748,groups_111111
115,9.583333333333334,7.618699469885885,1.9646338634474487,groups_111111
116,6.083333333333333,6.643492667346387,-0.5601593340130542,groups_111111
118,8.333333333333334,8.33108025321809,0.0022530801152438,groups_111111
119,7.916666666666667,10.029770947092322,-2.113104280425655,groups_111111
120,8.25,8.537752103219663,-0.2877521032196632,groups_111111
121,9.0,9.748930670623066,-0.7489306706230661,groups_111111
122,4.583333333333333,7.486223949155835,-2.9028906158225016,groups_111111
124,8.916666666666666,9.677858470808818,-0.7611918041421522,groups_111111
125,9.333333333333334,8.427054918822462,0.9062784145108722,groups_111111
126,9.25,10.121809174660264,-0.8718091746602639,groups_111111
127,11.666666666666666,11.895848421408026,-0.2291817547413597,groups_111111
129,8.333333333333334,8.233451197858425,0.0998821354749086,groups_111111
130,11.583333333333334,9.931830489805776,1.6515028435275578,groups_111111
133,8.25,6.582178335167585,1.667821664832415,groups_111111
135,11.666666666666666,12.176122843337655,-0.5094561766709909,groups_111111
137,10.416666666666666,7.592423345578476,2.82424332108819,groups_111111
138,5.916666666666667,8.112116296113577,-2.1954496294469097,groups_111111
139,4.916666666666667,6.198302963142686,-1.2816362964760186,groups_111111
140,11.833333333333334,12.799686814661626,-0.9663534813282926,groups_111111
141,7.833333333333333,9.394917241927113,-1.5615839085937795,groups_111111
142,9.916666666666666,9.8639344706406,0.0527321960260671,groups_111111
144,12.083333333333334,7.835760284676559,4.247573048656775,groups_111111
145,4.666666666666667,5.801470153662979,-1.1348034869963124,groups_111111
146,4.583333333333333,5.391369437528942,-0.808036104195609,groups_111111
147,6.333333333333333,5.284176606884635,1.0491567264486976,groups_111111
148,12.0,9.49988854167514,2.500111458324861,groups_111111
149,8.0,7.752485472825297,0.2475145271747028,groups_111111
150,4.166666666666667,5.072009458732097,-0.9053427920654302,groups_111111
151,10.666666666666666,11.46070133132273,-0.7940346646560634,groups_111111
153,4.083333333333333,4.5657324840476745,-0.4823991507143415,groups_111111
154,6.75,7.760039926711897,-1.0100399267118974,groups_111111
158,10.166666666666666,9.751017489051726,0.4156491776149398,groups_111111
160,10.75,10.096299747178088,0.6537002528219134,groups_111111
165,6.583333333333333,3.4846999717954565,3.0986333615378765,groups_111111
166,9.25,11.25806714370866,-2.0080671437086615,groups_111111
167,11.333333333333334,10.650024738653451,0.6833085946798807,groups_111111
169,6.833333333333333,9.001384736260292,-2.168051402926958,groups_111111
170,7.166666666666667,6.1307522808913095,1.0359143857753574,groups_111111
171,5.0,4.62656630675145,0.3734336932485496,groups_111111
172,6.25,5.994947699184115,0.2550523008158851,groups_111111
173,9.833333333333334,9.987047362009983,-0.1537140286766494,groups_111111
174,12.0,10.302069654661246,1.6979303453387544,groups_111111
176,11.666666666666666,11.892150242146611,-0.2254835754799451,groups_111111
178,7.5,8.074499303450022,-0.5744993034500219,groups_111111
181,6.166666666666667,6.992482707334627,-0.8258160406679602,groups_111111
183,11.583333333333334,11.414541676596317,0.1687916567370173,groups_111111
185,11.0,8.371930649176612,2.628069350823388,groups_111111
186,6.0,7.721834771571489,-1.7218347715714888,groups_111111
188,9.25,7.974750281122498,1.275249718877502,groups_111111
190,5.583333333333333,7.591373405346123,-2.00804007201279,groups_111111
191,7.75,6.469062520638703,1.280937479361297,groups_111111
192,9.583333333333334,9.016280672775796,0.5670526605575379,groups_111111
193,7.666666666666667,7.928051277296184,-0.2613846106295172,groups_111111
195,10.5,9.993078184831608,0.5069218151683916,groups_111111
198,10.583333333333334,10.613199824554137,-0.029866491220801,groups_111111
199,5.333333333333333,6.353708918541479,-1.0203755852081455,groups_111111
200,4.75,4.537629408426935,0.2123705915730651,groups_111111
201,4.083333333333333,4.796726333510577,-0.7133930001772439,groups_111111
1,14.25,14.798205776511905,-0.548205776511903,groups_011111
2,15.75,14.965935894594253,0.7840641054057471,groups_011111
3,15.833333333333334,12.734788019360533,3.098545313972803,groups_011111
5,15.333333333333334,16.05045529318932,-0.7171219598559855,groups_011111
6,12.833333333333334,12.864963124904682,-0.0316297915713477,groups_011111
7,13.333333333333334,13.384544359858904,-0.0512110265255696,groups_011111
8,15.333333333333334,13.685833360256884,1.6474999730764512,groups_011111
9,13.333333333333334,13.793205119232244,-0.4598717858989101,groups_011111
12,15.416666666666666,12.122296518601429,3.294370148065239,groups_011111
13,14.083333333333334,12.181602673867562,1.9017306594657717,groups_011111
14,12.916666666666666,14.836935361269653,-1.9202686946029868,groups_011111
15,13.166666666666666,14.059465568714655,-0.892798902047991,groups_011111
16,12.166666666666666,12.66343321841015,-0.4967665517434838,groups_011111
17,12.25,12.3907419478603,-0.1407419478603007,groups_011111
18,13.083333333333334,13.364685104578312,-0.281351771244978,groups_011111
19,18.75,17.856486521462955,0.8935134785370451,groups_011111
21,12.0,13.93966772254054,-1.9396677225405412,groups_011111
22,15.333333333333334,12.884083061209775,2.4492502721235585,groups_011111
23,18.416666666666668,15.509694203706616,2.906972462960052,groups_011111
24,15.166666666666666,14.821961801872332,0.344704864794334,groups_011111
25,14.0,15.5433719854993,-1.5433719854992989,groups_011111
26,14.583333333333334,14.075696629728991,0.5076367036043408,groups_011111
27,12.75,13.928280887958271,-1.1782808879582714,groups_011111
28,14.166666666666666,14.668512444695567,-0.501845778028903,groups_011111
29,12.666666666666666,11.78705981848836,0.8796068481783053,groups_011111
30,12.083333333333334,11.718344488882025,0.3649888444513092,groups_011111
32,14.166666666666666,13.786989954189895,0.3796767124767708,groups_011111
34,13.083333333333334,14.20684214729599,-1.1235088139626566,groups_011111
36,17.166666666666668,17.51254339856041,-0.3458767318937426,groups_011111
37,17.916666666666668,17.271386440592334,0.645280226074334,groups_011111
38,14.166666666666666,15.588668799652396,-1.42200213298573,groups_011111
40,13.166666666666666,14.16881339128363,-1.0021467246169635,groups_011111
41,17.833333333333332,14.951272186489335,2.882061146843995,groups_011111
43,17.583333333333332,17.60898557003112,-0.0256522366977876,groups_011111
44,13.666666666666666,14.853899025607232,-1.187232358940566,groups_011111
45,16.583333333333332,16.70505949287147,-0.121726159538138,groups_011111
46,14.0,15.137765461036558,-1.1377654610365582,groups_011111
49,16.333333333333332,17.479566623566125,-1.146233290232793,groups_011111
50,17.833333333333332,18.009754702218313,-0.1764213688849807,groups_011111
51,14.833333333333334,16.281493646582845,-1.448160313249511,groups_011111
52,15.833333333333334,16.518101366728924,-0.6847680333955903,groups_011111
53,17.25,15.031604937969416,2.2183950620305826,groups_011111
54,17.416666666666668,16.75068643171032,0.6659802349563471,groups_011111
55,16.75,15.419807140558843,1.330192859441155,groups_011111
56,16.083333333333332,14.26445328534195,1.8188800479913816,groups_011111
58,14.75,15.157997912420608,-0.4079979124206083,groups_011111
59,12.416666666666666,12.697988093641202,-0.2813214269745359,groups_011111
60,14.583333333333334,15.790815979047927,-1.2074826457145935,groups_011111
101,10.083333333333334,10.821420366335332,-0.7380870330019977,groups_011111
102,7.833333333333333,5.6869515063091365,2.146381827024197,groups_011111
104,5.916666666666667,4.196282003712369,1.7203846629542978,groups_011111
106,11.0,11.531369731351525,-0.5313697313515231,groups_011111
108,5.583333333333333,7.513687173125884,-1.9303538397925513,groups_011111
109,8.666666666666666,11.25811637153786,-2.5914497048711933,groups_011111
110,11.416666666666666,11.321858531722963,0.0948081349437011,groups_011111
112,4.416666666666667,5.327773357605271,-0.9111066909386044,groups_011111
113,7.0,6.226533208147892,0.7734667918521083,groups_011111
115,9.583333333333334,7.547898610263962,2.035434723069372,groups_011111
116,6.083333333333333,7.13335462661369,-1.0500212932803563,groups_011111
118,8.333333333333334,8.09948431603205,0.2338490173012832,groups_011111
119,7.916666666666667,9.955088164504811,-2.0384214978381445,groups_011111
120,8.25,8.065170499987126,0.1848295000128743,groups_011111
121,9.0,9.731095045122553,-0.7310950451225526,groups_011111
122,4.583333333333333,7.828597121078604,-3.2452637877452712,groups_011111
124,8.916666666666666,9.724719014758074,-0.8080523480914081,groups_011111
125,9.333333333333334,8.320547717264702,1.0127856160686315,groups_011111
126,9.25,10.16685637623962,-0.91685637623962,groups_011111
127,11.666666666666666,11.791505110397331,-0.1248384437306668,groups_011111
129,8.333333333333334,8.141186539410224,0.1921467939231096,groups_011111
130,11.583333333333334,10.03372994856922,1.549603384764115,groups_011111
133,8.25,6.285051521708149,1.9649484782918512,groups_011111
135,11.666666666666666,11.950424862597831,-0.283758195931167,groups_011111
137,10.416666666666666,7.758569028507948,2.6580976381587185,groups_011111
138,5.916666666666667,8.026856316439655,-2.1101896497729884,groups_011111
139,4.916666666666667,5.929836540100286,-1.0131698734336192,groups_011111
140,11.833333333333334,12.754943812254677,-0.9216104789213428,groups_011111
141,7.833333333333333,9.43183062593517,-1.598497292601837,groups_011111
142,9.916666666666666,9.728061423411525,0.188605243255143,groups_011111
144,12.083333333333334,9.404661245455497,2.678672087877839,groups_011111
145,4.666666666666667,5.646423648241626,-0.9797569815749592,groups_011111
146,4.583333333333333,5.633107461041466,-1.0497741277081332,groups_011111
147,6.333333333333333,3.980687612938216,2.3526457203951168,groups_011111
148,12.0,9.648514198207009,2.351485801792993,groups_011111
149,8.0,7.9344694670315405,0.0655305329684594,groups_011111
150,4.166666666666667,5.176768757617497,-1.0101020909508298,groups_011111
151,10.666666666666666,11.42163839077382,-0.7549717241071541,groups_011111
153,4.083333333333333,5.778506292291393,-1.69517295895806,groups_011111
154,6.75,7.555496918229563,-0.8054969182295633,groups_011111
158,10.166666666666666,9.636539269436026,0.5301273972306397,groups_011111
160,10.75,9.998803518443584,0.7511964815564163,groups_011111
165,6.583333333333333,3.220346981609378,3.362986351723955,groups_011111
166,9.25,11.046083249891426,-1.796083249891426,groups_011111
167,11.333333333333334,10.55433833137813,0.7789950019552041,groups_011111
169,6.833333333333333,9.093167057277835,-2.259833723944502,groups_011111
170,7.166666666666667,6.177899959706508,0.9887667069601588,groups_011111
171,5.0,4.627361062690071,0.3726389373099286,groups_011111
172,6.25,6.140172045488597,0.1098279545114033,groups_011111
173,9.833333333333334,10.06629237339426,-0.2329590400609262,groups_011111
174,12.0,10.06034568264549,1.9396543173545095,groups_011111
176,11.666666666666666,11.601704072656018,0.0649625940106481,groups_011111
178,7.5,7.878719561680357,-0.3787195616803567,groups_011111
181,6.166666666666667,7.174256520902686,-1.007589854236019,groups_011111
183,11.583333333333334,11.766193808798135,-0.1828604754648015,groups_011111
185,11.0,8.458128041319743,2.5418719586802574,groups_011111
186,6.0,7.763319410008064,-1.763319410008064,groups_011111
188,9.25,7.5052925326308495,1.7447074673691505,groups_011111
190,5.583333333333333,7.599657243305208,-2.0163239099718755,groups_011111
191,7.75,6.52763382864413,1.22236617135587,groups_011111
192,9.583333333333334,8.856978496628464,0.7263548367048696,groups_011111
193,7.666666666666667,7.964337300800924,-0.2976706341342572,groups_011111
195,10.5,9.846771528823822,0.6532284711761775,groups_011111
198,10.583333333333334,10.809340725536511,-0.2260073922031775,groups_011111
199,5.333333333333333,6.5082431128827505,-1.1749097795494174,groups_011111
200,4.75,4.445112464800878,0.3048875351991222,groups_011111
201,4.083333333333333,5.079149452678006,-0.9958161193446732,groups_011111
1,14.25,14.409330771216856,-0.1593307712168563,groups_101111
2,15.75,14.197383272686384,1.552616727313616,groups_101111
3,15.833333333333334,11.59226754375939,4.241065789573945,groups_101111
5,15.333333333333334,15.84663367803992,-0.513300344706586,groups_101111
6,12.833333333333334,12.793567987915976,0.0397653454173578,groups_101111
7,13.333333333333334,13.456956997883648,-0.1236236645503137,groups_101111
8,15.333333333333334,13.132483324213174,2.2008500091201597,groups_101111
9,13.333333333333334,12.201861161024294,1.1314721723090404,groups_101111
12,15.416666666666666,13.510098103283667,1.906568563382999,groups_101111
13,14.083333333333334,13.297741306298317,0.7855920270350172,groups_101111
14,12.916666666666666,14.291252229402174,-1.3745855627355077,groups_101111
15,13.166666666666666,13.717124874564565,-0.5504582078978988,groups_101111
16,12.166666666666666,11.791741890407074,0.3749247762595917,groups_101111
17,12.25,12.273834104180455,-0.0238341041804552,groups_101111
18,13.083333333333334,13.58240770334482,-0.4990743700114848,groups_101111
19,18.75,18.004916486302307,0.7450835136976934,groups_101111
21,12.0,13.76548873654333,-1.7654887365433307,groups_101111
22,15.333333333333334,12.429665288615125,2.903668044718211,groups_101111
23,18.416666666666668,17.16128073553916,1.2553859311275062,groups_101111
24,15.166666666666666,15.640803731421853,-0.474137064755185,groups_101111
25,14.0,15.394142781222843,-1.3941427812228433,groups_101111
26,14.583333333333334,13.568211370748362,1.0151219625849723,groups_101111
27,12.75,14.477359194443508,-1.7273591944435085,groups_101111
28,14.166666666666666,15.221567247103598,-1.0549005804369322,groups_101111
29,12.666666666666666,10.718298349964948,1.9483683167017176,groups_101111
30,12.083333333333334,11.276537027921515,0.8067963054118188,groups_101111
32,14.166666666666666,14.820125379127273,-0.6534587124606048,groups_101111
34,13.083333333333334,15.093423733332523,-2.010090399999191,groups_101111
36,17.166666666666668,15.897425882894256,1.2692407837724105,groups_101111
37,17.916666666666668,16.72936599034366,1.1873006763230087,groups_101111
38,14.166666666666666,14.953277084493504,-0.7866104178268376,groups_101111
40,13.166666666666666,14.215685459081843,-1.0490187924151773,groups_101111
41,17.833333333333332,15.48917475784758,2.3441585754857535,groups_101111
43,17.583333333333332,16.659069853728415,0.9242634796049174,groups_101111
44,13.666666666666666,15.9778733870949,-2.311206720428233,groups_101111
45,16.583333333333332,16.453372889281248,0.1299604440520845,groups_101111
46,14.0,14.955822004439163,-0.9558220044391632,groups_101111
49,16.333333333333332,17.35819165119225,-1.024858317858918,groups_101111
50,17.833333333333332,17.339348188506555,0.4939851448267767,groups_101111
51,14.833333333333334,16.291918589861766,-1.4585852565284316,groups_101111
52,15.833333333333334,15.990808899002005,-0.1574755656686708,groups_101111
53,17.25,15.642686485419896,1.6073135145801023,groups_101111
54,17.416666666666668,16.995487830722947,0.4211788359437207,groups_101111
55,16.75,16.245683364573345,0.5043166354266546,groups_101111
56,16.083333333333332,13.274539218054022,2.8087941152793103,groups_101111
58,14.75,14.115571464342077,0.6344285356579249,groups_101111
59,12.416666666666666,12.898106413740516,-0.4814397470738498,groups_101111
60,14.583333333333334,16.171576592497576,-1.5882432591642424,groups_101111
101,10.083333333333334,9.917848942692205,0.1654843906411311,groups_101111
102,7.833333333333333,6.239611563397352,1.5937217699359811,groups_101111
104,5.916666666666667,3.8562026796229505,2.0604639870437165,groups_101111
106,11.0,11.604637698957571,-0.6046376989575712,groups_101111
108,5.583333333333333,7.787477942514763,-2.20414460918143,groups_101111
109,8.666666666666666,10.02060672914214,-1.3539400624754734,groups_101111
110,11.416666666666666,11.959326215560182,-0.542659548893516,groups_101111
112,4.416666666666667,5.998122347538974,-1.581455680872307,groups_101111
113,7.0,6.130472468420456,0.8695275315795437,groups_101111
115,9.583333333333334,8.665579179987812,0.9177541533455216,groups_101111
116,6.083333333333333,7.32180279428259,-1.2384694609492568,groups_101111
118,8.333333333333334,7.872156286573636,0.4611770467596976,groups_101111
119,7.916666666666667,9.094846043765411,-1.1781793770987443,groups_101111
120,8.25,8.007125042452948,0.2428749575470519,groups_101111
121,9.0,9.6099872967961,-0.6099872967960991,groups_101111
122,4.583333333333333,6.9674131993319905,-2.3840798659986575,groups_101111
124,8.916666666666666,10.284386666777138,-1.367720000110472,groups_101111
125,9.333333333333334,9.546494245080162,-0.2131609117468276,groups_101111
126,9.25,11.21031584483906,-1.9603158448390587,groups_101111
127,11.666666666666666,12.616522231350944,-0.9498555646842776,groups_101111
129,8.333333333333334,7.374657077105429,0.9586762562279052,groups_101111
130,11.583333333333334,10.41049608227259,1.1728372510607432,groups_101111
133,8.25,8.575205478994402,-0.3252054789944019,groups_101111
135,11.666666666666666,12.144795799526404,-0.4781291328597365,groups_101111
137,10.416666666666666,7.422051034675044,2.994615631991622,groups_101111
138,5.916666666666667,8.599038639044068,-2.6823719723774007,groups_101111
139,4.916666666666667,5.904938532080785,-0.9882718654141184,groups_101111
140,11.833333333333334,12.72323998570448,-0.8899066523711472,groups_101111
141,7.833333333333333,9.304310562857763,-1.470977229524432,groups_101111
142,9.916666666666666,9.358612338721588,0.5580543279450776,groups_101111
144,12.083333333333334,6.8130557967358065,5.270277536597527,groups_101111
145,4.666666666666667,7.057635937450262,-2.390969270783595,groups_101111
146,4.583333333333333,6.003872977017208,-1.4205396436838749,groups_101111
147,6.333333333333333,5.397318034608974,0.9360152987243592,groups_101111
148,12.0,9.63718411382516,2.3628158861748396,groups_101111
149,8.0,8.490651644241524,-0.4906516442415238,groups_101111
150,4.166666666666667,6.091201378457572,-1.9245347117909049,groups_101111
151,10.666666666666666,11.635635230662423,-0.9689685639957588,groups_101111
153,4.083333333333333,5.7989901985784424,-1.7156568652451094,groups_101111
154,6.75,8.72809201679409,-1.97809201679409,groups_101111
158,10.166666666666666,10.84112177123976,-0.6744551045730951,groups_101111
160,10.75,9.950336383343126,0.7996636166568738,groups_101111
165,6.583333333333333,3.8625800010325912,2.720753332300742,groups_101111
166,9.25,10.303431188242714,-1.0534311882427136,groups_101111
167,11.333333333333334,10.542450141164796,0.790883192168538,groups_101111
169,6.833333333333333,8.097370831122113,-1.26403749778878,groups_101111
170,7.166666666666667,7.83219475057599,-0.6655280839093232,groups_101111
171,5.0,4.779351759544556,0.2206482404554437,groups_101111
172,6.25,6.172746133857821,0.0772538661421791,groups_101111
173,9.833333333333334,9.23483776123717,0.598495572096164,groups_101111
174,12.0,10.34091574986332,1.6590842501366794,groups_101111
176,11.666666666666666,11.124024995391023,0.5426416712756428,groups_101111
178,7.5,7.461226582884111,0.0387734171158893,groups_101111
181,6.166666666666667,6.93707631631938,-0.7704096496527129,groups_101111
183,11.583333333333334,11.376004168613504,0.2073291647198303,groups_101111
185,11.0,7.325248753072698,3.6747512469273023,groups_101111
186,6.0,7.893505218128887,-1.8935052181288867,groups_101111
188,9.25,7.939023790738604,1.310976209261396,groups_101111
190,5.583333333333333,7.469343631087009,-1.8860102977536757,groups_101111
191,7.75,6.537026420864029,1.212973579135971,groups_101111
192,9.583333333333334,8.059824045038708,1.5235092882946262,groups_101111
193,7.666666666666667,7.751906278760392,-0.0852396120937246,groups_101111
195,10.5,10.544871314895785,-0.0448713148957828,groups_101111
198,10.583333333333334,10.740491962642304,-0.1571586293089701,groups_101111
199,5.333333333333333,6.128102272998757,-0.7947689396654241,groups_101111
200,4.75,4.5671043441465855,0.1828956558534145,groups_101111
201,4.083333333333333,5.1929083410871035,-1.1095750077537705,groups_101111
1,14.25,14.020356626246611,0.2296433737533867,groups_110111
2,15.75,13.33960004242061,2.41039995757939,groups_110111
3,15.833333333333334,12.559468741810038,3.273864591523296,groups_110111
5,15.333333333333334,15.995039178556612,-0.6617058452232776,groups_110111
6,12.833333333333334,12.516734993366136,0.3165983399671965,groups_110111
7,13.333333333333334,12.36682492949794,0.9665084038353946,groups_110111
8,15.333333333333334,13.161005454080732,2.1723278792526024,groups_110111
9,13.333333333333334,12.333364998024413,0.9999683353089228,groups_110111
12,15.416666666666666,12.43458778167601,2.9820788849906563,groups_110111
13,14.083333333333334,11.824102761395205,2.259230571938131,groups_110111
14,12.916666666666666,14.768373193699126,-1.8517065270324604,groups_110111
15,13.166666666666666,13.30327376366867,-0.1366070970020043,groups_110111
16,12.166666666666666,14.170754248659922,-2.0040875819932555,groups_110111
17,12.25,12.870058404363188,-0.6200584043631867,groups_110111
18,13.083333333333334,12.744382022751228,0.3389513105821073,groups_110111
19,18.75,17.122664081694584,1.627335918305416,groups_110111
21,12.0,13.571864548983836,-1.571864548983836,groups_110111
22,15.333333333333334,13.10572170990013,2.2276116234332033,groups_110111
23,18.416666666666668,15.492363298285792,2.924303368380876,groups_110111
24,15.166666666666666,15.368922346808992,-0.2022556801423256,groups_110111
25,14.0,15.568782892091924,-1.5687828920919245,groups_110111
26,14.583333333333334,15.051268444292486,-0.4679351109591518,groups_110111
27,12.75,13.869985616206314,-1.1199856162063142,groups_110111
28,14.166666666666666,13.306629755688084,0.8600369109785806,groups_110111
29,12.666666666666666,12.078067410796368,0.5885992558702995,groups_110111
30,12.083333333333334,11.984070020510138,0.0992633128231954,groups_110111
32,14.166666666666666,14.1161649681276,0.0505016985390671,groups_110111
34,13.083333333333334,15.025519605529873,-1.9421862721965384,groups_110111
36,17.166666666666668,15.707096742203444,1.4595699244632223,groups_110111
37,17.916666666666668,16.252899595248383,1.6637670714182846,groups_110111
38,14.166666666666666,16.75390299084096,-2.5872363241742935,groups_110111
40,13.166666666666666,14.666916632165712,-1.5002499654990462,groups_110111
41,17.833333333333332,15.155257525160163,2.678075808173169,groups_110111
43,17.583333333333332,18.05395399938716,-0.4706206660538292,groups_110111
44,13.666666666666666,15.792299371184551,-2.125632704517887,groups_110111
45,16.583333333333332,16.57276224964164,0.0105710836916905,groups_110111
46,14.0,14.168965094251588,-0.1689650942515879,groups_110111
49,16.333333333333332,18.120974356303503,-1.787641022970174,groups_110111
50,17.833333333333332,17.230746200963527,0.6025871323698055,groups_110111
51,14.833333333333334,16.53517840763986,-1.7018450743065276,groups_110111
52,15.833333333333334,16.65625071855678,-0.8229173852234464,groups_110111
53,17.25,15.307446405836378,1.9425535941636216,groups_110111
54,17.416666666666668,15.687867825246547,1.7287988414201187,groups_110111
55,16.75,15.416615091732703,1.3333849082672966,groups_110111
56,16.083333333333332,14.285851557197072,1.7974817761362587,groups_110111
58,14.75,14.915517002819008,-0.1655170028190085,groups_110111
59,12.416666666666666,12.397207317129462,0.0194593495372039,groups_110111
60,14.583333333333334,15.24114150243708,-0.6578081691037472,groups_110111
101,10.083333333333334,10.443371884670846,-0.3600385513375119,groups_110111
102,7.833333333333333,4.9373224409662555,2.8960108923670775,groups_110111
104,5.916666666666667,5.114323701140297,0.8023429655263703,groups_110111
106,11.0,12.046505846643443,-1.0465058466434431,groups_110111
108,5.583333333333333,6.876045825113557,-1.2927124917802244,groups_110111
109,8.666666666666666,11.332260488823932,-2.665593822157266,groups_110111
110,11.416666666666666,12.242428129620048,-0.8257614629533823,groups_110111
112,4.416666666666667,6.077849794142159,-1.6611831274754918,groups_110111
113,7.0,5.690826914135124,1.3091730858648756,groups_110111
115,9.583333333333334,7.660261991782592,1.9230713415507417,groups_110111
116,6.083333333333333,6.213443949093589,-0.1301106157602563,groups_110111
118,8.333333333333334,7.881827230673661,0.4515061026596729,groups_110111
119,7.916666666666667,9.93955453565048,-2.022887868983813,groups_110111
120,8.25,8.841437621256688,-0.5914376212566879,groups_110111
121,9.0,8.981419970628233,0.0185800293717672,groups_110111
122,4.583333333333333,7.417360560831149,-2.834027227497816,groups_110111
124,8.916666666666666,9.785017411845397,-0.8683507451787289,groups_110111
125,9.333333333333334,7.523329867340875,1.8100034659924589,groups_110111
126,9.25,8.98643134386593,0.2635686561340709,groups_110111
127,11.666666666666666,12.890441438060169,-1.2237747713935023,groups_110111
129,8.333333333333334,8.424318734188034,-0.0909854008547004,groups_110111
130,11.583333333333334,9.865301991807405,1.718031341525931,groups_110111
133,8.25,5.7769455443536755,2.4730544556463245,groups_110111
135,11.666666666666666,12.65177569114122,-0.9851090244745552,groups_110111
137,10.416666666666666,7.723615650860061,2.6930510158066054,groups_110111
138,5.916666666666667,8.286143056449319,-2.369476389782652,groups_110111
139,4.916666666666667,6.314312228057529,-1.3976455613908616,groups_110111
140,11.833333333333334,13.508103701984435,-1.674770368651103,groups_110111
141,7.833333333333333,9.258173355960604,-1.4248400226272713,groups_110111
142,9.916666666666666,10.83867545979444,-0.9220087931277732,groups_110111
144,12.083333333333334,7.452513684378616,4.630819648954718,groups_110111
145,4.666666666666667,5.4205832117520885,-0.7539165450854215,groups_110111
146,4.583333333333333,6.467337238010187,-1.8840039046768544,groups_110111
147,6.333333333333333,6.710801803538462,-0.3774684702051285,groups_110111
148,12.0,11.685693290978964,0.3143067090210358,groups_110111
149,8.0,7.415950018390638,0.5840499816093621,groups_110111
150,4.166666666666667,5.126956602225797,-0.96028993555913,groups_110111
151,10.666666666666666,11.684753364345044,-1.0180866976783776,groups_110111
153,4.083333333333333,5.1778672785314885,-1.0945339451981555,groups_110111
154,6.75,7.253013848211632,-0.5030138482116318,groups_110111
158,10.166666666666666,10.516092206169262,-0.3494255395025956,groups_110111
160,10.75,9.720544687740825,1.0294553122591754,groups_110111
165,6.583333333333333,5.72596490608152,0.8573684272518127,groups_110111
166,9.25,10.78374237642736,-1.5337423764273606,groups_110111
167,11.333333333333334,10.575029123648992,0.7583042096843418,groups_110111
169,6.833333333333333,10.025722358878092,-3.1923890255447587,groups_110111
170,7.166666666666667,6.249031002731813,0.9176356639348544,groups_110111
171,5.0,5.017336450996675,-0.0173364509966749,groups_110111
172,6.25,6.105140272713582,0.144859727286418,groups_110111
173,9.833333333333334,10.291642457464793,-0.4583091241314587,groups_110111
174,12.0,10.72385757392016,1.27614242607984,groups_110111
176,11.666666666666666,11.00140863413422,0.6652580325324458,groups_110111
178,7.5,8.5599245341314,-1.0599245341313992,groups_110111
181,6.166666666666667,6.689297798792785,-0.5226311321261177,groups_110111
183,11.583333333333334,10.776931155171884,0.8064021781614503,groups_110111
185,11.0,9.312348502462848,1.6876514975371515,groups_110111
186,6.0,7.534225027960492,-1.534225027960492,groups_110111
188,9.25,8.432108025439602,0.8178919745603981,groups_110111
190,5.583333333333333,8.401529880554447,-2.818196547221114,groups_110111
191,7.75,8.232537007969562,-0.4825370079695616,groups_110111
192,9.583333333333334,11.076520694169224,-1.49318736083589,groups_110111
193,7.666666666666667,7.314806502616323,0.3518601640503442,groups_110111
195,10.5,9.46123493565718,1.0387650643428206,groups_110111
198,10.583333333333334,10.168497586604722,0.4148357467286114,groups_110111
199,5.333333333333333,7.31529462923835,-1.981961295905017,groups_110111
200,4.75,5.250977586622725,-0.5009775866227253,groups_110111
201,4.083333333333333,5.583838497548258,-1.5005051642149247,groups_110111
1,14.25,14.568012271200915,-0.3180122712009172,groups_111011
2,15.75,14.084674992988148,1.6653250070118537,groups_111011
3,15.833333333333334,11.762848083080408,4.070485250252927,groups_111011
5,15.333333333333334,15.995247951466382,-0.6619146181330482,groups_111011
6,12.833333333333334,12.485324767746256,0.3480085655870777,groups_111011
7,13.333333333333334,11.779623513517876,1.5537098198154575,groups_111011
8,15.333333333333334,13.891224226941944,1.4421091063913885,groups_111011
9,13.333333333333334,13.701863631516208,-0.3685302981828737,groups_111011
12,15.416666666666666,13.250578547706194,2.166088118960472,groups_111011
13,14.083333333333334,12.10674569224494,1.9765876410883951,groups_111011
14,12.916666666666666,14.69295099350193,-1.7762843268352633,groups_111011
15,13.166666666666666,14.38418314386902,-1.217516477202354,groups_111011
16,12.166666666666666,12.54415793651984,-0.3774912698531754,groups_111011
17,12.25,13.593027680541145,-1.3430276805411427,groups_111011
18,13.083333333333334,13.091197179859044,-0.0078638465257085,groups_111011
19,18.75,16.649949519671985,2.100050480328015,groups_111011
21,12.0,13.600130324332774,-1.600130324332774,groups_111011
22,15.333333333333334,12.74261089305855,2.5907224402747833,groups_111011
23,18.416666666666668,14.77898903776352,3.637677628903148,groups_111011
24,15.166666666666666,15.643456160192772,-0.4767894935261072,groups_111011
25,14.0,15.60147980887453,-1.6014798088745297,groups_111011
26,14.583333333333334,14.732327260340629,-0.1489939270072948,groups_111011
27,12.75,14.75168522188486,-2.001685221884859,groups_111011
28,14.166666666666666,15.136554691343967,-0.969888024677303,groups_111011
29,12.666666666666666,13.04905641748772,-0.3823897508210532,groups_111011
30,12.083333333333334,12.659349453172563,-0.5760161198392293,groups_111011
32,14.166666666666666,14.452480213845757,-0.2858135471790888,groups_111011
34,13.083333333333334,14.46080994923346,-1.3774766159001253,groups_111011
36,17.166666666666668,16.503722670625542,0.6629439960411254,groups_111011
37,17.916666666666668,16.759834503693234,1.1568321629734335,groups_111011
38,14.166666666666666,14.563320499447874,-0.3966538327812081,groups_111011
40,13.166666666666666,14.717644129681476,-1.55097746301481,groups_111011
41,17.833333333333332,14.787165402565108,3.046167930768224,groups_111011
43,17.583333333333332,17.125370357197127,0.4579629761362049,groups_111011
44,13.666666666666666,14.301734935669971,-0.6350682690033054,groups_111011
45,16.583333333333332,16.091560290307807,0.4917730430255247,groups_111011
46,14.0,15.3104820183735,-1.3104820183734986,groups_111011
49,16.333333333333332,16.173494260932515,0.1598390724008176,groups_111011
50,17.833333333333332,16.8632503328073,0.9700830005260316,groups_111011
51,14.833333333333334,16.56494840447836,-1.731615071145027,groups_111011
52,15.833333333333334,16.758061342594438,-0.924728009261104,groups_111011
53,17.25,16.372464885807958,0.8775351141920424,groups_111011
54,17.416666666666668,15.880334425711506,1.5363322409551614,groups_111011
55,16.75,16.44074041648544,0.3092595835145602,groups_111011
56,16.083333333333332,13.63446490397873,2.4488684293546026,groups_111011
58,14.75,15.31276026877828,-0.5627602687782787,groups_111011
59,12.416666666666666,11.352269944460756,1.0643967222059096,groups_111011
60,14.583333333333334,15.65108771259248,-1.0677543792591455,groups_111011
101,10.083333333333334,10.470722477748549,-0.3873891444152146,groups_111011
102,7.833333333333333,6.286941309616148,1.5463920237171846,groups_111011
104,5.916666666666667,5.796585737526093,0.120080929140574,groups_111011
106,11.0,12.250653091265846,-1.2506530912658462,groups_111011
108,5.583333333333333,7.777541472750983,-2.1942081394176496,groups_111011
109,8.666666666666666,11.187048105344385,-2.5203814386777186,groups_111011
110,11.416666666666666,9.769509426536754,1.6471572401299124,groups_111011
112,4.416666666666667,6.048612018257552,-1.6319453515908853,groups_111011
113,7.0,6.669612100537818,0.330387899462182,groups_111011
115,9.583333333333334,7.875512128001578,1.707821205331756,groups_111011
116,6.083333333333333,8.58260015842455,-2.499266825091216,groups_111011
118,8.333333333333334,7.491300270100059,0.8420330632332753,groups_111011
119,7.916666666666667,10.264855286794788,-2.348188620128121,groups_111011
120,8.25,8.054796029568024,0.1952039704319759,groups_111011
121,9.0,9.43896087334437,-0.4389608733443708,groups_111011
122,4.583333333333333,6.51413087754602,-1.9307975442126863,groups_111011
124,8.916666666666666,9.632695269682166,-0.7160286030155003,groups_111011
125,9.333333333333334,8.313036126657313,1.0202972066760214,groups_111011
126,9.25,10.450115685439725,-1.200115685439723,groups_111011
127,11.666666666666666,12.521858504634736,-0.8551918379680696,groups_111011
129,8.333333333333334,7.831152547912128,0.5021807854212064,groups_111011
130,11.583333333333334,9.923533466207028,1.6597998671263063,groups_111011
133,8.25,7.738355872867149,0.5116441271328505,groups_111011
135,11.666666666666666,11.445094720748155,0.2215719459185106,groups_111011
137,10.416666666666666,6.740099054412651,3.676567612254015,groups_111011
138,5.916666666666667,8.444651779468606,-2.5279851128019386,groups_111011
139,4.916666666666667,5.761682856535743,-0.8450161898690762,groups_111011
140,11.833333333333334,13.30274403421034,-1.469410700877006,groups_111011
141,7.833333333333333,9.161415754492047,-1.3280824211587143,groups_111011
142,9.916666666666666,9.326775053232524,0.5898916134341423,groups_111011
144,12.083333333333334,7.756454444930583,4.326878888402751,groups_111011
145,4.666666666666667,5.496131511125234,-0.8294648444585668,groups_111011
146,4.583333333333333,6.246659812033578,-1.6633264787002453,groups_111011
147,6.333333333333333,6.521011865272293,-0.1876785319389595,groups_111011
148,12.0,10.466524508296772,1.5334754917032285,groups_111011
149,8.0,7.83466285943127,0.16533714056873,groups_111011
150,4.166666666666667,5.80789411131053,-1.6412274446438628,groups_111011
151,10.666666666666666,12.586565681328173,-1.919899014661505,groups_111011
153,4.083333333333333,3.7725490690864136,0.3107842642469194,groups_111011
154,6.75,7.452588596006013,-0.702588596006013,groups_111011
158,10.166666666666666,10.061053385562053,0.1056132811046133,groups_111011
160,10.75,9.474067544614575,1.2759324553854228,groups_111011
165,6.583333333333333,4.749444257993144,1.8338890753401893,groups_111011
166,9.25,10.557310540926844,-1.307310540926844,groups_111011
167,11.333333333333334,11.607253335124495,-0.2739200017911614,groups_111011
169,6.833333333333333,9.075518399677737,-2.242185066344402,groups_111011
170,7.166666666666667,6.172561914589266,0.9941047520774012,groups_111011
171,5.0,5.2126899341629525,-0.2126899341629524,groups_111011
172,6.25,5.911271267139167,0.338728732860833,groups_111011
173,9.833333333333334,10.35449838759476,-0.5211650542614272,groups_111011
174,12.0,10.59804651295632,1.401953487043679,groups_111011
176,11.666666666666666,12.269762105114982,-0.6030954384483156,groups_111011
178,7.5,7.467322277649634,0.0326777223503658,groups_111011
181,6.166666666666667,7.389599754294551,-1.222933087627884,groups_111011
183,11.583333333333334,11.132055804880777,0.4512775284525592,groups_111011
185,11.0,8.296747130186983,2.703252869813017,groups_111011
186,6.0,7.97903589172139,-1.9790358917213895,groups_111011
188,9.25,7.579333833953081,1.670666166046919,groups_111011
190,5.583333333333333,7.39710400294588,-1.8137706696125475,groups_111011
191,7.75,6.144435755455456,1.605564244544544,groups_111011
192,9.583333333333334,8.9449892923573,0.6383440409760333,groups_111011
193,7.666666666666667,8.434610094404,-0.7679434277373334,groups_111011
195,10.5,9.871250281645608,0.628749718354392,groups_111011
198,10.583333333333334,10.397592319631144,0.1857410137021897,groups_111011
199,5.333333333333333,5.597953176078464,-0.2646198427451312,groups_111011
200,4.75,3.737859439230144,1.012140560769856,groups_111011
201,4.083333333333333,4.371304270745681,-0.2879709374123482,groups_111011
1,14.25,14.344505820667662,-0.0945058206676616,groups_111101
2,15.75,14.22232996024812,1.5276700397518788,groups_111101
3,15.833333333333334,12.07727253217919,3.756060801154144,groups_111101
5,15.333333333333334,15.532650402128636,-0.1993170687953007,groups_111101
6,12.833333333333334,13.14774853188534,-0.3144151985520071,groups_111101
7,13.333333333333334,12.5667036130577,0.7666297202756329,groups_111101
8,15.333333333333334,14.763985234411113,0.5693480989222213,groups_111101
9,13.333333333333334,12.658064867932136,0.6752684654011976,groups_111101
12,15.416666666666666,11.466127691882829,3.9505389747838375,groups_111101
13,14.083333333333334,13.331912308928027,0.751421024405305,groups_111101
14,12.916666666666666,15.051262408414363,-2.134595741747697,groups_111101
15,13.166666666666666,14.436892708951076,-1.2702260422844098,groups_111101
16,12.166666666666666,13.50568405874413,-1.339017392077464,groups_111101
17,12.25,13.782579051616413,-1.5325790516164126,groups_111101
18,13.083333333333334,14.612412750088607,-1.5290794167552733,groups_111101
19,18.75,16.931590624619048,1.818409375380952,groups_111101
21,12.0,13.897152214618052,-1.8971522146180533,groups_111101
22,15.333333333333334,13.263726391746488,2.069606941586846,groups_111101
23,18.416666666666668,15.724970999995309,2.691695666671361,groups_111101
24,15.166666666666666,13.664519114849249,1.5021475518174174,groups_111101
25,14.0,14.9147216962395,-0.9147216962395,groups_111101
26,14.583333333333334,13.694309448180364,0.8890238851529695,groups_111101
27,12.75,13.416005919164528,-0.6660059191645278,groups_111101
28,14.166666666666666,14.857457483497008,-0.6907908168303418,groups_111101
29,12.666666666666666,12.535172480178506,0.13149418648816,groups_111101
30,12.083333333333334,12.193813549436472,-0.1104802161031379,groups_111101
32,14.166666666666666,13.469470204342304,0.6971964623243618,groups_111101
34,13.083333333333334,14.435413415083492,-1.3520800817501577,groups_111101
36,17.166666666666668,15.456696522982902,1.7099701436837655,groups_111101
37,17.916666666666668,16.4100602924947,1.5066063741719695,groups_111101
38,14.166666666666666,13.924058704041732,0.242607962624934,groups_111101
40,13.166666666666666,14.322768251843732,-1.1561015851770655,groups_111101
41,17.833333333333332,14.62237569127705,3.2109576420562824,groups_111101
43,17.583333333333332,17.388902152812808,0.1944311805205245,groups_111101
44,13.666666666666666,14.23851508062861,-0.5718484139619431,groups_111101
45,16.583333333333332,17.2018781850646,-0.6185448517312686,groups_111101
46,14.0,14.573997717823278,-0.5739977178232785,groups_111101
49,16.333333333333332,17.72480368234507,-1.3914703490117368,groups_111101
50,17.833333333333332,17.049395824602747,0.7839375087305847,groups_111101
51,14.833333333333334,16.124203368261906,-1.290870034928572,groups_111101
52,15.833333333333334,16.061144971321664,-0.2278116379883297,groups_111101
53,17.25,16.60913759238474,0.6408624076152591,groups_111101
54,17.416666666666668,16.19737200041641,1.2192946662502564,groups_111101
55,16.75,15.81129007973945,0.9387099202605498,groups_111101
56,16.083333333333332,13.296468715744728,2.7868646175886056,groups_111101
58,14.75,14.387074472386,0.3629255276140011,groups_111101
59,12.416666666666666,12.36461943491262,0.052047231754047,groups_111101
60,14.583333333333334,15.843895675220512,-1.2605623418871783,groups_111101
101,10.083333333333334,10.428676413775191,-0.3453430804418573,groups_111101
102,7.833333333333333,5.3144933259039515,2.5188400074293815,groups_111101
104,5.916666666666667,5.107762778622664,0.8089038880440027,groups_111101
106,11.0,12.972961728602291,-1.972961728602293,groups_111101
108,5.583333333333333,6.704836225224373,-1.1215028918910397,groups_111101
109,8.666666666666666,12.158541016540152,-3.491874349873486,groups_111101
110,11.416666666666666,11.98338801591754,-0.5667213492508747,groups_111101
112,4.416666666666667,6.190528778360851,-1.773862111694184,groups_111101
113,7.0,5.5014264935026596,1.4985735064973404,groups_111101
115,9.583333333333334,7.040987386870896,2.5423459464624383,groups_111101
116,6.083333333333333,6.974736952798108,-0.891403619464775,groups_111101
118,8.333333333333334,8.642736489672126,-0.3094031563387922,groups_111101
119,7.916666666666667,10.25968858234116,-2.343021915674494,groups_111101
120,8.25,7.633162101516659,0.6168378984833414,groups_111101
121,9.0,9.657986837638562,-0.6579868376385622,groups_111101
122,4.583333333333333,7.962305905270544,-3.3789725719372106,groups_111101
124,8.916666666666666,9.224628202083084,-0.3079615354164176,groups_111101
125,9.333333333333334,8.686559051902682,0.6467742814306519,groups_111101
126,9.25,9.6886002421217,-0.4386002421216997,groups_111101
127,11.666666666666666,12.55452964056792,-0.8878629739012531,groups_111101
129,8.333333333333334,8.600873446988732,-0.2675401136553983,groups_111101
130,11.583333333333334,10.342227562459405,1.2411057708739293,groups_111101
133,8.25,6.3317608594085915,1.9182391405914083,groups_111101
135,11.666666666666666,11.720389138775785,-0.0537224721091167,groups_111101
137,10.416666666666666,7.703286376796996,2.7133802898696704,groups_111101
138,5.916666666666667,7.5189270568798126,-1.6022603902131456,groups_111101
139,4.916666666666667,5.911170404563046,-0.9945037378963796,groups_111101
140,11.833333333333334,12.963012396780035,-1.1296790634467015,groups_111101
141,7.833333333333333,10.115121010737589,-2.281787677404254,groups_111101
142,9.916666666666666,10.767110437914896,-0.85044377124823,groups_111101
144,12.083333333333334,8.364046954450298,3.719286378883035,groups_111101
145,4.666666666666667,6.769934534102558,-2.103267867435891,groups_111101
146,4.583333333333333,4.865434463594883,-0.2821011302615499,groups_111101
147,6.333333333333333,4.397192385980557,1.936140947352776,groups_111101
148,12.0,10.754957754722744,1.245042245277256,groups_111101
149,8.0,8.14786047850526,-0.1478604785052599,groups_111101
150,4.166666666666667,4.747680802802341,-0.581014136135674,groups_111101
151,10.666666666666666,9.730518144175758,0.9361485224909084,groups_111101
153,4.083333333333333,5.8272739113965555,-1.7439405780632224,groups_111101
154,6.75,7.775144111889537,-1.0251441118895368,groups_111101
158,10.166666666666666,10.40252667273817,-0.2358600060715048,groups_111101
160,10.75,10.27205630411039,0.4779436958896106,groups_111101
165,6.583333333333333,5.429477432074729,1.1538559012586038,groups_111101
166,9.25,10.77520082006113,-1.52520082006113,groups_111101
167,11.333333333333334,10.438485030431703,0.8948483029016305,groups_111101
169,6.833333333333333,10.092038879390984,-3.2587055460576506,groups_111101
170,7.166666666666667,7.712478219023844,-0.5458115523571774,groups_111101
171,5.0,4.100748702207986,0.8992512977920137,groups_111101
172,6.25,5.847559089791124,0.4024409102088757,groups_111101
173,9.833333333333334,10.506850208143188,-0.6735168748098541,groups_111101
174,12.0,10.471477329134991,1.5285226708650068,groups_111101
176,11.666666666666666,11.581485091774498,0.085181574892168,groups_111101
178,7.5,8.030659186765172,-0.5306591867651722,groups_111101
181,6.166666666666667,7.63897059390896,-1.4723039272422929,groups_111101
183,11.583333333333334,10.910315976851091,0.6730173564822426,groups_111101
185,11.0,8.497990775405308,2.5020092245946923,groups_111101
186,6.0,7.565157999457856,-1.5651579994578562,groups_111101
188,9.25,8.277554375601914,0.9724456243980856,groups_111101
190,5.583333333333333,7.9970869328900065,-2.4137535995566735,groups_111101
191,7.75,6.622908361190847,1.1270916388091532,groups_111101
192,9.583333333333334,9.816629198980038,-0.2332958656467045,groups_111101
193,7.666666666666667,7.933465194185942,-0.266798527519275,groups_111101
195,10.5,9.32397957279251,1.17602042720749,groups_111101
198,10.583333333333334,10.033707993827806,0.5496253395055284,groups_111101
199,5.333333333333333,6.773525355994434,-1.4401920226611011,groups_111101
200,4.75,3.71645576312853,1.03354423687147,groups_111101
201,4.083333333333333,5.239797518175209,-1.1564641848418755,groups_111101
1,14.25,14.329059209192776,-0.0790592091927759,groups_111110
2,15.75,13.518566498624724,2.2314335013752764,groups_111110
3,15.833333333333334,12.414888163976777,3.4184451693565574,groups_111110
5,15.333333333333334,15.512238102617074,-0.17890476928374,groups_111110
6,12.833333333333334,12.7363958870253,0.0969374463080345,groups_111110
7,13.333333333333334,12.318616580902347,1.014716752430985,groups_111110
8,15.333333333333334,14.107339551193864,1.2259937821394704,groups_111110
9,13.333333333333334,12.81698059376026,0.5163527395730743,groups_111110
12,15.416666666666666,11.840301379268553,3.576365287398115,groups_111110
13,14.083333333333334,13.228479529491398,0.8548538038419355,groups_111110
14,12.916666666666666,14.309565022586336,-1.3928983559196713,groups_111110
15,13.166666666666666,13.406147513454984,-0.239480846788318,groups_111110
16,12.166666666666666,13.06098881853131,-0.8943221518646443,groups_111110
17,12.25,12.976614230753022,-0.7266142307530217,groups_111110
18,13.083333333333334,13.741095635308472,-0.6577623019751382,groups_111110
19,18.75,16.918513407135116,1.831486592864884,groups_111110
21,12.0,15.462099372948613,-3.462099372948611,groups_111110
22,15.333333333333334,13.744429606436457,1.5889037268968789,groups_111110
23,18.416666666666668,15.607956397416787,2.808710269249879,groups_111110
24,15.166666666666666,15.22257860567638,-0.0559119390097127,groups_111110
25,14.0,15.14076613193708,-1.140766131937081,groups_111110
26,14.583333333333334,14.288315034175533,0.2950182991578014,groups_111110
27,12.75,15.377058000774024,-2.6270580007740243,groups_111110
28,14.166666666666666,14.342572958586937,-0.1759062919202687,groups_111110
29,12.666666666666666,13.480172752910144,-0.8135060862434766,groups_111110
30,12.083333333333334,12.35994084342128,-0.2766075100879472,groups_111110
32,14.166666666666666,14.725830045185589,-0.5591633785189227,groups_111110
34,13.083333333333334,14.441499187914774,-1.35816585458144,groups_111110
36,17.166666666666668,15.348499419147178,1.81816724751949,groups_111110
37,17.916666666666668,15.80816824228952,2.1084984243771476,groups_111110
38,14.166666666666666,14.400085665752393,-0.2334189990857265,groups_111110
40,13.166666666666666,14.75280308796412,-1.5861364212974536,groups_111110
41,17.833333333333332,14.818660791891594,3.0146725414417386,groups_111110
43,17.583333333333332,16.65056933674017,0.9327639965931632,groups_111110
44,13.666666666666666,15.204514221793968,-1.5378475551273016,groups_111110
45,16.583333333333332,16.65335900286199,-0.0700256695286576,groups_111110
46,14.0,14.901247620998053,-0.9012476209980508,groups_111110
49,16.333333333333332,17.607430833185827,-1.2740974998524948,groups_111110
50,17.833333333333332,16.780059750448334,1.053273582884998,groups_111110
51,14.833333333333334,16.839080576750536,-2.0057472434172023,groups_111110
52,15.833333333333334,16.21981811656366,-0.3864847832303244,groups_111110
53,17.25,15.411251032565394,1.838748967434606,groups_111110
54,17.416666666666668,16.07113826645862,1.345528400208046,groups_111110
55,16.75,16.333432466975506,0.4165675330244944,groups_111110
56,16.083333333333332,13.536268516240662,2.5470648170926697,groups_111110
58,14.75,13.69000125018501,1.0599987498149908,groups_111110
59,12.416666666666666,12.593093709956271,-0.1764270432896051,groups_111110
60,14.583333333333334,15.727678583646751,-1.1443452503134193,groups_111110
101,10.083333333333334,9.877713614187977,0.2056197191453588,groups_111110
102,7.833333333333333,5.87384338516953,1.959489948163803,groups_111110
104,5.916666666666667,5.8923387262369165,0.0243279404297505,groups_111110
106,11.0,11.786070867120657,-0.7860708671206567,groups_111110
108,5.583333333333333,7.827816963773516,-2.2444836304401834,groups_111110
109,8.666666666666666,12.137300276574695,-3.4706336099080293,groups_111110
110,11.416666666666666,12.015521798901972,-0.5988551322353057,groups_111110
112,4.416666666666667,4.788107142880268,-0.3714404762136007,groups_111110
113,7.0,5.663713533123399,1.3362864668766008,groups_111110
115,9.583333333333334,6.988025247103771,2.595308086229563,groups_111110
116,6.083333333333333,7.381338194304222,-1.298004860970889,groups_111110
118,8.333333333333334,7.46351505328295,0.8698182800503842,groups_111110
119,7.916666666666667,9.680880808311247,-1.7642141416445805,groups_111110
120,8.25,9.945315389271856,-1.6953153892718564,groups_111110
121,9.0,9.22137344015285,-0.2213734401528508,groups_111110
122,4.583333333333333,7.276352465610696,-2.693019132277363,groups_111110
124,8.916666666666666,8.999796654038915,-0.0831299873722493,groups_111110
125,9.333333333333334,8.715767893198443,0.6175654401348911,groups_111110
126,9.25,9.547355153610196,-0.2973551536101961,groups_111110
127,11.666666666666666,13.427112494843511,-1.760445828176847,groups_111110
129,8.333333333333334,7.798081169123561,0.5352521642097727,groups_111110
130,11.583333333333334,10.138655708260185,1.4446776250731492,groups_111110
133,8.25,6.1082546742182915,2.1417453257817085,groups_111110
135,11.666666666666666,11.740936657533128,-0.0742699908664619,groups_111110
137,10.416666666666666,7.69358432043496,2.723082346231706,groups_111110
138,5.916666666666667,8.924583349007111,-3.0079166823404444,groups_111110
139,4.916666666666667,5.664283351944225,-0.7476166852775581,groups_111110
140,11.833333333333334,13.505590672124464,-1.6722573387911304,groups_111110
141,7.833333333333333,9.951638646976187,-2.1183053136428542,groups_111110
142,9.916666666666666,9.844493601852117,0.0721730648145513,groups_111110
144,12.083333333333334,7.618821389411707,4.464511943921627,groups_111110
145,4.666666666666667,6.033709722489452,-1.3670430558227853,groups_111110
146,4.583333333333333,5.973461352099891,-1.390128018766558,groups_111110
147,6.333333333333333,6.456602899782553,-0.1232695664492196,groups_111110
148,12.0,11.966229781578976,0.033770218421024,groups_111110
149,8.0,8.130985951691443,-0.1309859516914429,groups_111110
150,4.166666666666667,5.920581127549765,-1.753914460883098,groups_111110
151,10.666666666666666,11.542605968036773,-0.8759393013701064,groups_111110
153,4.083333333333333,5.604338122873969,-1.521004789540636,groups_111110
154,6.75,8.06742075134789,-1.3174207513478908,groups_111110
158,10.166666666666666,10.45837057493737,-0.2917039082707031,groups_111110
160,10.75,9.76888250635766,0.9811174936423406,groups_111110
165,6.583333333333333,5.103038577956672,1.4802947553766614,groups_111110
166,9.25,10.8562828908577,-1.606282890857699,groups_111110
167,11.333333333333334,12.39907925005035,-1.065745916717017,groups_111110
169,6.833333333333333,8.708869024162365,-1.8755356908290317,groups_111110
170,7.166666666666667,7.3566327840036605,-0.1899661173369935,groups_111110
171,5.0,4.6330334922594,0.3669665077406003,groups_111110
172,6.25,6.139465341148654,0.1105346588513462,groups_111110
173,9.833333333333334,9.915071129155477,-0.081737795822141,groups_111110
174,12.0,10.272093563707784,1.7279064362922174,groups_111110
176,11.666666666666666,10.874809277585603,0.7918573890810627,groups_111110
178,7.5,7.791948390889518,-0.2919483908895177,groups_111110
181,6.166666666666667,6.396789060339669,-0.2301223936730023,groups_111110
183,11.583333333333334,10.188234232586854,1.3950991007464797,groups_111110
185,11.0,8.530326928059313,2.4696730719406865,groups_111110
186,6.0,7.405129865400944,-1.4051298654009443,groups_111110
188,9.25,8.835793578463418,0.4142064215365817,groups_111110
190,5.583333333333333,6.833942859107753,-1.2506095257744203,groups_111110
191,7.75,7.880987637004578,-0.1309876370045781,groups_111110
192,9.583333333333334,9.187797217328589,0.395536116004747,groups_111110
193,7.666666666666667,7.909971288966313,-0.2433046222996457,groups_111110
195,10.5,9.222145105455198,1.2778548945448025,groups_111110
198,10.583333333333334,10.157006917946788,0.426326415386546,groups_111110
199,5.333333333333333,6.068941586315077,-0.735608252981744,groups_111110
200,4.75,4.938908515864026,-0.1889085158640258,groups_111110
201,4.083333333333333,6.262381566955384,-2.1790482336220514,groups_111110
1,14.25,14.976802249075694,-0.7268022490756945,groups_001111
2,15.75,15.07073042691863,0.6792695730813705,groups_001111
3,15.833333333333334,12.91624909504149,2.917084238291844,groups_001111
5,15.333333333333334,15.370982153840377,-0.0376488205070426,groups_001111
6,12.833333333333334,12.374374223145873,0.4589591101874628,groups_001111
7,13.333333333333334,13.511003243325677,-0.1776699099923409,groups_001111
8,15.333333333333334,12.295558223219649,3.037775110113687,groups_001111
9,13.333333333333334,13.759691779203044,-0.4263584458697114,groups_001111
12,15.416666666666666,14.61216955682998,0.8044971098366851,groups_001111
13,14.083333333333334,13.529285726593198,0.5540476067401361,groups_001111
14,12.916666666666666,14.075963078472576,-1.1592964118059097,groups_001111
15,13.166666666666666,13.634396093291787,-0.4677294266251213,groups_001111
16,12.166666666666666,11.362132633221751,0.8045340334449147,groups_001111
17,12.25,10.383326322841178,1.866673677158822,groups_001111
18,13.083333333333334,13.51275359398702,-0.4294202606536874,groups_001111
19,18.75,18.747197224076245,0.0028027759237545,groups_001111
21,12.0,13.629092606500224,-1.6290926065002242,groups_001111
22,15.333333333333334,12.836619270672964,2.49671406266037,groups_001111
23,18.416666666666668,17.14566942873705,1.2709972379296168,groups_001111
24,15.166666666666666,15.47657446172881,-0.3099077950621431,groups_001111
25,14.0,15.682349645485257,-1.682349645485255,groups_001111
26,14.583333333333334,12.302708105745875,2.280625227587459,groups_001111
27,12.75,14.354995351762271,-1.6049953517622733,groups_001111
28,14.166666666666666,14.398951921672117,-0.2322852550054506,groups_001111
29,12.666666666666666,10.487817389010123,2.178849277656541,groups_001111
30,12.083333333333334,10.26760660423835,1.8157267290949832,groups_001111
32,14.166666666666666,14.57239525716047,-0.405728590493803,groups_001111
34,13.083333333333334,14.437250296364532,-1.3539169630311978,groups_001111
36,17.166666666666668,17.44793789413588,-0.2812712274692117,groups_001111
37,17.916666666666668,17.267687422054347,0.6489792446123204,groups_001111
38,14.166666666666666,14.537129290378946,-0.3704626237122799,groups_001111
40,13.166666666666666,14.11531525180792,-0.9486485851412548,groups_001111
41,17.833333333333332,15.452581860106935,2.380751473226397,groups_001111
43,17.583333333333332,17.0760342008562,0.507299132477133,groups_001111
44,13.666666666666666,14.85558042770884,-1.1889137610421727,groups_001111
45,16.583333333333332,16.49224227594668,0.0910910573866523,groups_001111
46,14.0,15.736923176184456,-1.7369231761844564,groups_001111
49,16.333333333333332,17.73620425844652,-1.402870925113188,groups_001111
50,17.833333333333332,17.97986481988143,-0.1465314865480991,groups_001111
51,14.833333333333334,16.31184102280496,-1.4785076894716251,groups_001111
52,15.833333333333334,15.660763817407735,0.1725695159255966,groups_001111
53,17.25,15.055486667808466,2.1945133321915336,groups_001111
54,17.416666666666668,17.363287651388063,0.0533790152786046,groups_001111
55,16.75,15.757492919974144,0.992507080025856,groups_001111
56,16.083333333333332,13.161359863456696,2.9219734698766366,groups_001111
58,14.75,14.490623255696576,0.2593767443034238,groups_001111
59,12.416666666666666,13.491550152543269,-1.0748834858766028,groups_001111
60,14.583333333333334,15.478873512152491,-0.895540178819159,groups_001111
101,10.083333333333334,10.151563337736498,-0.0682300044031638,groups_001111
102,7.833333333333333,7.309779236911608,0.5235540964217256,groups_001111
104,5.916666666666667,2.516947649046479,3.399719017620188,groups_001111
106,11.0,10.812299250417077,0.187700749582925,groups_001111
108,5.583333333333333,8.291404639975296,-2.708071306641963,groups_001111
109,8.666666666666666,9.311437102469435,-0.6447704358027693,groups_001111
110,11.416666666666666,11.375596524236396,0.0410701424302715,groups_001111
112,4.416666666666667,5.130343456033725,-0.7136767893670584,groups_001111
113,7.0,5.522170591031395,1.4778294089686046,groups_001111
115,9.583333333333334,8.978666288421627,0.6046670449117073,groups_001111
116,6.083333333333333,7.505596401316857,-1.4222630679835238,groups_001111
118,8.333333333333334,8.305682769377619,0.0276505639557154,groups_001111
119,7.916666666666667,9.252334428323827,-1.3356677616571604,groups_001111
120,8.25,8.262606057319235,-0.0126060573192354,groups_001111
121,9.0,10.03299095792803,-1.03299095792803,groups_001111
122,4.583333333333333,8.152026035659372,-3.568692702326038,groups_001111
124,8.916666666666666,10.739281875445949,-1.8226152087792808,groups_001111
125,9.333333333333334,9.878012770808947,-0.5446794374756134,groups_001111
126,9.25,11.795406890130876,-2.5454068901308773,groups_001111
127,11.666666666666666,11.8548857849944,-0.1882191183277353,groups_001111
129,8.333333333333334,6.425820816844695,1.907512516488639,groups_001111
130,11.583333333333334,11.415328316484809,0.1680050168485252,groups_001111
133,8.25,8.215817295584337,0.034182704415663,groups_001111
135,11.666666666666666,11.349186249509756,0.3174804171569114,groups_001111
137,10.416666666666666,7.876767208028733,2.539899458637933,groups_001111
138,5.916666666666667,8.771034670655073,-2.854368003988406,groups_001111
139,4.916666666666667,5.597506536153962,-0.6808398694872952,groups_001111
140,11.833333333333334,11.692734694787218,0.1405986385461162,groups_001111
141,7.833333333333333,8.937251495444695,-1.1039181621113618,groups_001111
142,9.916666666666666,8.085295221898958,1.831371444767708,groups_001111
144,12.083333333333334,8.445121286882603,3.6382120464507306,groups_001111
145,4.666666666666667,7.746500135507072,-3.0798334688404054,groups_001111
146,4.583333333333333,7.121597727527391,-2.5382643941940577,groups_001111
147,6.333333333333333,4.451862688734558,1.8814706445987752,groups_001111
148,12.0,9.570825622392682,2.4291743776073176,groups_001111
149,8.0,8.777185802741208,-0.777185802741208,groups_001111
150,4.166666666666667,6.731200141350955,-2.5645334746842883,groups_001111
151,10.666666666666666,11.30370896428329,-0.6370422976166239,groups_001111
153,4.083333333333333,6.310279224844088,-2.2269458915107547,groups_001111
154,6.75,8.199770101529888,-1.4497701015298876,groups_001111
158,10.166666666666666,10.349336969769716,-0.1826703031030501,groups_001111
160,10.75,9.517330522870273,1.2326694771297273,groups_001111
165,6.583333333333333,3.5009386687100834,3.0823946646232496,groups_001111
166,9.25,10.23094403348651,-0.9809440334865104,groups_001111
167,11.333333333333334,11.192102184639314,0.1412311486940201,groups_001111
169,6.833333333333333,8.03308485406508,-1.1997515207317475,groups_001111
170,7.166666666666667,7.919016761584283,-0.7523500949176158,groups_001111
171,5.0,4.667498481973886,0.3325015180261141,groups_001111
172,6.25,6.783298417921893,-0.5332984179218929,groups_001111
173,9.833333333333334,9.287018906716089,0.546314426617247,groups_001111
174,12.0,9.02569494272304,2.9743050572769594,groups_001111
176,11.666666666666666,11.27990713948246,0.3867595271842052,groups_001111
178,7.5,7.281441643092804,0.218558356907196,groups_001111
181,6.166666666666667,7.64707241933775,-1.480405752671083,groups_001111
183,11.583333333333334,11.16227222523894,0.4210611080943938,groups_001111
185,11.0,6.775410283031482,4.224589716968518,groups_001111
186,6.0,8.14764951014138,-2.1476495101413793,groups_001111
188,9.25,6.499604915558179,2.750395084441821,groups_001111
190,5.583333333333333,7.92172284028498,-2.338389506951647,groups_001111
191,7.75,7.111285029234226,0.6387149707657738,groups_001111
192,9.583333333333334,6.36487643034762,3.2184569029857135,groups_001111
193,7.666666666666667,8.359241619912412,-0.692574953245745,groups_001111
195,10.5,11.101701043268251,-0.6017010432682515,groups_001111
198,10.583333333333334,11.340514178978026,-0.757180845644692,groups_001111
199,5.333333333333333,6.294354551121576,-0.9610212177882432,groups_001111
200,4.75,4.606198243558725,0.1438017564412748,groups_001111
201,4.083333333333333,6.240027258391904,-2.156693925058571,groups_001111
1,14.25,14.111762718460042,0.1382372815399577,groups_010111
2,15.75,13.38820284335474,2.361797156645262,groups_010111
3,15.833333333333334,13.24698281184192,2.586350521491413,groups_010111
5,15.333333333333334,15.798740921533168,-0.4654075881998327,groups_010111
6,12.833333333333334,11.93413347542314,0.8991998579101939,groups_010111
7,13.333333333333334,12.45294795333128,0.8803853800020551,groups_010111
8,15.333333333333334,12.87337449477969,2.4599588385536446,groups_010111
9,13.333333333333334,13.2946542744284,0.0386790589049326,groups_010111
12,15.416666666666666,12.20272907043974,3.213937596226927,groups_010111
13,14.083333333333334,11.426054486349503,2.6572788469838304,groups_010111
14,12.916666666666666,15.016789944209634,-2.100123277542968,groups_010111
15,13.166666666666666,13.319413691750158,-0.1527470250834923,groups_010111
16,12.166666666666666,14.292473924867288,-2.1258072582006218,groups_010111
17,12.25,12.428085729737028,-0.1780857297370275,groups_010111
18,13.083333333333334,12.361736623525992,0.7215967098073417,groups_010111
19,18.75,17.39978330957807,1.3502166904219308,groups_010111
21,12.0,13.551547359610677,-1.5515473596106748,groups_010111
22,15.333333333333334,13.16012936361515,2.173203969718184,groups_010111
23,18.416666666666668,15.14296744574553,3.273699220921138,groups_010111
24,15.166666666666666,14.92106464593644,0.2456020207302263,groups_010111
25,14.0,15.450965043941046,-1.4509650439410464,groups_010111
26,14.583333333333334,14.869887135710186,-0.2865538023768526,groups_010111
27,12.75,13.70558707289783,-0.9555870728978296,groups_010111
28,14.166666666666666,12.961657570218753,1.205009096447915,groups_010111
29,12.666666666666666,12.273418700323344,0.3932479663433224,groups_010111
30,12.083333333333334,11.678396098751136,0.4049372345821975,groups_010111
32,14.166666666666666,14.060716156157156,0.1059505105095102,groups_010111
34,13.083333333333334,14.622243608872862,-1.5389102755395283,groups_010111
36,17.166666666666668,15.97892794005248,1.1877387266141888,groups_010111
37,17.916666666666668,16.369900155608576,1.5467665110580917,groups_010111
38,14.166666666666666,16.650763298884293,-2.4840966322176268,groups_010111
40,13.166666666666666,14.608204944984887,-1.4415382783182211,groups_010111
41,17.833333333333332,14.78843008720827,3.044903246125062,groups_010111
43,17.583333333333332,18.364133575782596,-0.7808002424492635,groups_010111
44,13.666666666666666,15.229062190463496,-1.5623955237968286,groups_010111
45,16.583333333333332,16.604406502363087,-0.0210731690297549,groups_010111
46,14.0,14.372586561014494,-0.3725865610144936,groups_010111
49,16.333333333333332,17.724030875115893,-1.390697541782561,groups_010111
50,17.833333333333332,17.756948450001772,0.0763848833315599,groups_010111
51,14.833333333333334,16.05860074950738,-1.2252674161740469,groups_010111
52,15.833333333333334,16.769958628516708,-0.936625295183374,groups_010111
53,17.25,15.056214592175612,2.1937854078243877,groups_010111
54,17.416666666666668,15.966058752087632,1.4506079145790345,groups_010111
55,16.75,15.004244271857312,1.7457557281426863,groups_010111
56,16.083333333333332,14.496663107373926,1.5866702259594057,groups_010111
58,14.75,15.079699306110372,-0.3296993061103723,groups_010111
59,12.416666666666666,12.667179388344262,-0.2505127216775964,groups_010111
60,14.583333333333334,14.947978907060683,-0.3646455737273495,groups_010111
101,10.083333333333334,10.59454242352971,-0.5112090901963757,groups_010111
102,7.833333333333333,5.056383101501804,2.7769502318315293,groups_010111
104,5.916666666666667,5.022014056466295,0.8946526102003718,groups_010111
106,11.0,11.566359665813987,-0.5663596658139873,groups_010111
108,5.583333333333333,7.500185551963942,-1.9168522186306092,groups_010111
109,8.666666666666666,11.72573627474432,-3.059069608077653,groups_010111
110,11.416666666666666,12.256171267741667,-0.8395046010750011,groups_010111
112,4.416666666666667,5.837617293560935,-1.4209506268942684,groups_010111
113,7.0,5.9328781971119815,1.0671218028880185,groups_010111
115,9.583333333333334,7.304558894303835,2.2787744390294993,groups_010111
116,6.083333333333333,6.883499613344766,-0.8001662800114326,groups_010111
118,8.333333333333334,7.760188760617304,0.5731445727160303,groups_010111
119,7.916666666666667,9.94938233397166,-2.032715667304992,groups_010111
120,8.25,9.71101258406298,-1.4610125840629795,groups_010111
121,9.0,8.916227885303027,0.0837721146969734,groups_010111
122,4.583333333333333,7.844664095877226,-3.261330762543893,groups_010111
124,8.916666666666666,10.064127573776256,-1.1474609071095898,groups_010111
125,9.333333333333334,7.430543504455569,1.902789828877765,groups_010111
126,9.25,9.082413161028226,0.1675868389717738,groups_010111
127,11.666666666666666,12.630176332950672,-0.963509666284006,groups_010111
129,8.333333333333334,8.4808758966488,-0.1475425633154667,groups_010111
130,11.583333333333334,9.78288687434889,1.8004464589844442,groups_010111
133,8.25,5.145971437016759,3.104028562983241,groups_010111
135,11.666666666666666,12.47483395807283,-0.8081672914061642,groups_010111
137,10.416666666666666,7.914044141288326,2.5026225253783405,groups_010111
138,5.916666666666667,7.922895815597787,-2.00622914893112,groups_010111
139,4.916666666666667,6.5499061821607185,-1.6332395154940516,groups_010111
140,11.833333333333334,12.809245992409098,-0.975912659075764,groups_010111
141,7.833333333333333,9.202969880175331,-1.3696365468419982,groups_010111
142,9.916666666666666,10.536025322123889,-0.6193586554572228,groups_010111
144,12.083333333333334,9.105994417162767,2.9773389161705666,groups_010111
145,4.666666666666667,5.075662106640936,-0.4089954399742694,groups_010111
146,4.583333333333333,7.026890473871525,-2.443557140538192,groups_010111
147,6.333333333333333,5.777015401805875,0.5563179315274578,groups_010111
148,12.0,11.038584303473655,0.9614156965263448,groups_010111
149,8.0,7.10434208673732,0.8956579132626796,groups_010111
150,4.166666666666667,4.707449766545949,-0.540783099879282,groups_010111
151,10.666666666666666,11.43770949109834,-0.7710428244316727,groups_010111
153,4.083333333333333,5.806695005507823,-1.72336167217449,groups_010111
154,6.75,6.809760270450119,-0.059760270450119,groups_010111
158,10.166666666666666,9.986049601402035,0.1806170652646308,groups_010111
160,10.75,9.770459947103989,0.979540052896013,groups_010111
165,6.583333333333333,4.845895985123292,1.7374373482100411,groups_010111
166,9.25,11.106062221853495,-1.8560622218534952,groups_010111
167,11.333333333333334,10.519578770324475,0.8137545630088585,groups_010111
169,6.833333333333333,9.946095216096984,-3.1127618827636523,groups_010111
170,7.166666666666667,5.533978935001895,1.632687731664772,groups_010111
171,5.0,4.636191930837634,0.3638080691623662,groups_010111
172,6.25,6.013173022704831,0.236826977295169,groups_010111
173,9.833333333333334,10.4889082596363,-0.6555749263029664,groups_010111
174,12.0,10.357593295194768,1.6424067048052322,groups_010111
176,11.666666666666666,11.369593063892095,0.2970736027745708,groups_010111
178,7.5,8.666163650577992,-1.1661636505779924,groups_010111
181,6.166666666666667,7.177509545342019,-1.0108428786753525,groups_010111
183,11.583333333333334,10.929420527201655,0.653912806131677,groups_010111
185,11.0,9.399805911115426,1.6001940888845745,groups_010111
186,6.0,7.535958956987934,-1.5359589569879342,groups_010111
188,9.25,7.524304102549005,1.7256958974509953,groups_010111
190,5.583333333333333,8.57767299402245,-2.994339660689117,groups_010111
191,7.75,8.030294343424162,-0.2802943434241616,groups_010111
192,9.583333333333334,11.190071349155003,-1.606738015821671,groups_010111
193,7.666666666666667,7.470369536615331,0.1962971300513363,groups_010111
195,10.5,9.621872730362298,0.8781272696377016,groups_010111
198,10.583333333333334,10.753552118358494,-0.1702187850251597,groups_010111
199,5.333333333333333,7.710191330201415,-2.3768579968680816,groups_010111
200,4.75,4.904819075572253,-0.1548190755722531,groups_010111
201,4.083333333333333,5.5035814292258065,-1.4202480958924737,groups_010111
1,14.25,15.2715422989115,-1.0215422989115002,groups_011011
2,15.75,14.560951197710214,1.1890488022897865,groups_011011
3,15.833333333333334,12.28028057636293,3.553052756970404,groups_011011
5,15.333333333333334,15.929530312352885,-0.5961969790195507,groups_011011
6,12.833333333333334,12.329404142988713,0.5039291903446212,groups_011011
7,13.333333333333334,12.116635289053884,1.2166980442794486,groups_011011
8,15.333333333333334,13.717221052240372,1.6161122810929616,groups_011011
9,13.333333333333334,14.670164840394392,-1.336831507061058,groups_011011
12,15.416666666666666,13.003207579609022,2.413459087057644,groups_011011
13,14.083333333333334,11.53489513733323,2.548438196000104,groups_011011
14,12.916666666666666,14.673690226341446,-1.7570235596747796,groups_011011
15,13.166666666666666,14.77283107768601,-1.6061644110193445,groups_011011
16,12.166666666666666,12.321345526569983,-0.1546788599033188,groups_011011
17,12.25,12.976633329145931,-0.7266333291459315,groups_011011
18,13.083333333333334,12.748794460451048,0.3345388728822858,groups_011011
19,18.75,17.012305785875185,1.737694214124815,groups_011011
21,12.0,13.531517871123336,-1.531517871123336,groups_011011
22,15.333333333333334,12.498562860441668,2.834770472891666,groups_011011
23,18.416666666666668,14.45943840333968,3.957228263326987,groups_011011
24,15.166666666666666,15.263474804974932,-0.0968081383082672,groups_011011
25,14.0,15.667850953796377,-1.6678509537963766,groups_011011
26,14.583333333333334,14.573503795957896,0.0098295373754364,groups_011011
27,12.75,14.700622799337369,-1.9506227993373688,groups_011011
28,14.166666666666666,14.830176108433722,-0.6635094417670562,groups_011011
29,12.666666666666666,12.995882838221425,-0.3292161715547586,groups_011011
30,12.083333333333334,12.35998966856384,-0.2766563352305073,groups_011011
32,14.166666666666666,14.281298964232002,-0.1146322975653362,groups_011011
34,13.083333333333334,13.792110432859811,-0.7087770995264773,groups_011011
36,17.166666666666668,17.350263096329755,-0.1835964296630869,groups_011011
37,17.916666666666668,17.31542674085594,0.6012399258107273,groups_011011
38,14.166666666666666,14.340977734072654,-0.1743110674059877,groups_011011
40,13.166666666666666,14.516223238114144,-1.3495565714474775,groups_011011
41,17.833333333333332,14.70984717996414,3.1234861533691927,groups_011011
43,17.583333333333332,17.473356472562404,0.1099768607709279,groups_011011
44,13.666666666666666,13.793815513332923,-0.1271488466662571,groups_011011
45,16.583333333333332,16.107163967720894,0.4761693656124386,groups_011011
46,14.0,15.404373998481526,-1.4043739984815264,groups_011011
49,16.333333333333332,16.912807434878843,-0.5794741015455109,groups_011011
50,17.833333333333332,17.429872826623498,0.403460506709834,groups_011011
51,14.833333333333334,16.590751650591834,-1.7574183172584998,groups_011011
52,15.833333333333334,16.964715677128112,-1.131382343794778,groups_011011
53,17.25,16.261095201629203,0.9889047983707968,groups_011011
54,17.416666666666668,16.011271250551005,1.4053954161156632,groups_011011
55,16.75,15.844013952468853,0.9059860475311474,groups_011011
56,16.083333333333332,14.10694567766679,1.9763876556665425,groups_011011
58,14.75,15.448401098762943,-0.698401098762945,groups_011011
59,12.416666666666666,11.489508949924554,0.927157716742112,groups_011011
60,14.583333333333334,15.442149365309607,-0.8588160319762732,groups_011011
101,10.083333333333334,10.935875564187135,-0.8525422308538033,groups_011011
102,7.833333333333333,6.711961454178931,1.1213718791544016,groups_011011
104,5.916666666666667,5.4931017143215914,0.4235649523450755,groups_011011
106,11.0,11.624904082670136,-0.6249040826701346,groups_011011
108,5.583333333333333,7.85913140755852,-2.275798074225187,groups_011011
109,8.666666666666666,11.283628899517774,-2.616962232851108,groups_011011
110,11.416666666666666,9.34267634941223,2.0739903172544363,groups_011011
112,4.416666666666667,5.907903148300952,-1.4912364816342851,groups_011011
113,7.0,7.151789139617764,-0.1517891396177644,groups_011011
115,9.583333333333334,7.830670895923736,1.7526624374095974,groups_011011
116,6.083333333333333,8.934292106408344,-2.850958773075011,groups_011011
118,8.333333333333334,7.623027835577194,0.7103054977561403,groups_011011
119,7.916666666666667,10.470688683054489,-2.55402201638782,groups_011011
120,8.25,7.834326396239835,0.4156736037601654,groups_011011
121,9.0,9.78137853354866,-0.7813785335486614,groups_011011
122,4.583333333333333,6.940212373414582,-2.3568790400812487,groups_011011
124,8.916666666666666,9.760152984428675,-0.8434863177620109,groups_011011
125,9.333333333333334,8.157426433529295,1.1759068998040387,groups_011011
126,9.25,10.736665109151604,-1.4866651091516054,groups_011011
127,11.666666666666666,11.71395863351634,-0.0472919668496754,groups_011011
129,8.333333333333334,7.94611896233012,0.3872143710032141,groups_011011
130,11.583333333333334,10.0653383224775,1.5179950108558344,groups_011011
133,8.25,7.4197989350006415,0.8302010649993585,groups_011011
135,11.666666666666666,11.241955034070472,0.4247116325961944,groups_011011
137,10.416666666666666,6.837259384784465,3.579407281882201,groups_011011
138,5.916666666666667,8.187363249758857,-2.2706965830921897,groups_011011
139,4.916666666666667,5.670607439169165,-0.7539407725024985,groups_011011
140,11.833333333333334,13.13337536435245,-1.3000420310191156,groups_011011
141,7.833333333333333,8.919981156289891,-1.0866478229565582,groups_011011
142,9.916666666666666,8.944983164915111,0.9716835017515546,groups_011011
144,12.083333333333334,9.608234422605912,2.4750989107274215,groups_011011
145,4.666666666666667,4.373565732824757,0.2931009338419104,groups_011011
146,4.583333333333333,6.158895255811001,-1.575561922477668,groups_011011
147,6.333333333333333,5.612373805701196,0.7209595276321368,groups_011011
148,12.0,10.152996148193692,1.847003851806308,groups_011011
149,8.0,7.887682430056958,0.1123175699430421,groups_011011
150,4.166666666666667,5.635992594295807,-1.4693259276291402,groups_011011
151,10.666666666666666,12.38706391242476,-1.720397245758095,groups_011011
153,4.083333333333333,3.815286522243993,0.2680468110893406,groups_011011
154,6.75,7.533083913087722,-0.7830839130877223,groups_011011
158,10.166666666666666,9.446232506153704,0.720434160512962,groups_011011
160,10.75,9.516858581545058,1.2331414184549416,groups_011011
165,6.583333333333333,4.2951352958968325,2.2881980374365005,groups_011011
166,9.25,10.7739129521007,-1.5239129521006998,groups_011011
167,11.333333333333334,11.705923726905413,-0.3725903935720787,groups_011011
169,6.833333333333333,9.10675289018069,-2.273419556847357,groups_011011
170,7.166666666666667,5.421531466858841,1.7451351998078255,groups_011011
171,5.0,5.592617639778987,-0.5926176397789868,groups_011011
172,6.25,6.556814085433429,-0.3068140854334293,groups_011011
173,9.833333333333334,10.260703992955095,-0.4273706596217614,groups_011011
174,12.0,10.1805178867,1.8194821133000012,groups_011011
176,11.666666666666666,12.274981068073636,-0.6083144014069699,groups_011011
178,7.5,7.497173674122994,0.002826325877006,groups_011011
181,6.166666666666667,7.751193038414275,-1.584526371747608,groups_011011
183,11.583333333333334,11.24023504882924,0.3430982845040944,groups_011011
185,11.0,8.367130856551272,2.632869143448728,groups_011011
186,6.0,7.9708784645865425,-1.9708784645865425,groups_011011
188,9.25,7.231547430285799,2.018452569714201,groups_011011
190,5.583333333333333,7.714534530222861,-2.1312011968895277,groups_011011
191,7.75,6.189371920141482,1.5606280798585184,groups_011011
192,9.583333333333334,8.632027726259725,0.9513056070736088,groups_011011
193,7.666666666666667,8.490154501875997,-0.8234878352093302,groups_011011
195,10.5,9.715247478667722,0.7847525213322779,groups_011011
198,10.583333333333334,10.686709459855676,-0.1033761265223418,groups_011011
199,5.333333333333333,5.720528307440982,-0.3871949741076488,groups_011011
200,4.75,3.617366262546831,1.132633737453169,groups_011011
201,4.083333333333333,4.534338192767498,-0.4510048594341649,groups_011011
1,14.25,14.504361065439216,-0.2543610654392161,groups_011101
2,15.75,14.31102144843632,1.4389785515636806,groups_011101
3,15.833333333333334,12.693761046462296,3.1395722868710365,groups_011101
5,15.333333333333334,15.410326346141952,-0.076993012808618,groups_011101
6,12.833333333333334,12.904605911589426,-0.0712725782560923,groups_011101
7,13.333333333333334,12.485730762147869,0.8476025711854671,groups_011101
8,15.333333333333334,14.499536919713073,0.8337964136202611,groups_011101
9,13.333333333333334,13.581455896993536,-0.2481225636602015,groups_011101
12,15.416666666666666,11.21272757799759,4.203939088669076,groups_011101
13,14.083333333333334,13.505363756939111,0.5779695763942225,groups_011101
14,12.916666666666666,15.18013921188304,-2.2634725452163753,groups_011101
15,13.166666666666666,14.691480033268766,-1.5248133666020998,groups_011101
16,12.166666666666666,13.631434248299886,-1.46476758163322,groups_011101
17,12.25,13.288132763906392,-1.0381327639063933,groups_011101
18,13.083333333333334,14.30654081261783,-1.223207479284497,groups_011101
19,18.75,17.376220057761813,1.373779942238187,groups_011101
21,12.0,13.951360664454509,-1.9513606644545085,groups_011101
22,15.333333333333334,13.314978530375566,2.0183548029577683,groups_011101
23,18.416666666666668,15.395647096003112,3.0210195706635545,groups_011101
24,15.166666666666666,13.360761598059266,1.8059050686074,groups_011101
25,14.0,15.210751511916216,-1.2107515119162162,groups_011101
26,14.583333333333334,13.299034217046431,1.2842991162869009,groups_011101
27,12.75,13.704561878425832,-0.9545618784258316,groups_011101
28,14.166666666666666,14.857484581331224,-0.6908179146645566,groups_011101
29,12.666666666666666,12.938794421913135,-0.2721277552464709,groups_011101
30,12.083333333333334,11.836522449081698,0.2468108842516354,groups_011101
32,14.166666666666666,13.310636887889755,0.8560297787769091,groups_011101
34,13.083333333333334,14.08364321924092,-1.0003098859075852,groups_011101
36,17.166666666666668,15.299719526653448,1.8669471400132205,groups_011101
37,17.916666666666668,16.49782622234918,1.418840444317489,groups_011101
38,14.166666666666666,13.62855474462257,0.5381119220440969,groups_011101
40,13.166666666666666,14.11262228138562,-0.9459556147189544,groups_011101
41,17.833333333333332,14.215588182478118,3.617745150855214,groups_011101
43,17.583333333333332,17.54793192066483,0.0354014126685022,groups_011101
44,13.666666666666666,14.26863645425624,-0.6019697875895744,groups_011101
45,16.583333333333332,16.94335748010451,-0.3600241467711775,groups_011101
46,14.0,15.051295756489814,-1.0512957564898144,groups_011101
49,16.333333333333332,18.55263435838722,-2.2193010250538876,groups_011101
50,17.833333333333332,17.33096104048257,0.5023722928507617,groups_011101
51,14.833333333333334,16.075763659091848,-1.242430325758514,groups_011101
52,15.833333333333334,16.045647620564626,-0.2123142872312922,groups_011101
53,17.25,16.17131798852535,1.0786820114746511,groups_011101
54,17.416666666666668,16.79527845933262,0.6213882073340464,groups_011101
55,16.75,15.360702982507725,1.3892970174922752,groups_011101
56,16.083333333333332,13.40229871619337,2.6810346171399626,groups_011101
58,14.75,14.48573013744752,0.2642698625524797,groups_011101
59,12.416666666666666,12.447802216937394,-0.0311355502707275,groups_011101
60,14.583333333333334,15.66400741569636,-1.080674082363025,groups_011101
101,10.083333333333334,10.53006008716847,-0.4467267538351365,groups_011101
102,7.833333333333333,5.275039085729016,2.5582942476043167,groups_011101
104,5.916666666666667,5.486749503577897,0.4299171630887697,groups_011101
106,11.0,12.472546387353717,-1.4725463873537148,groups_011101
108,5.583333333333333,6.768931370886555,-1.1855980375532216,groups_011101
109,8.666666666666666,12.459257598055128,-3.792590931388462,groups_011101
110,11.416666666666666,11.863840079228988,-0.4471734125623214,groups_011101
112,4.416666666666667,6.158511915221434,-1.7418452485547666,groups_011101
113,7.0,6.3378725039281205,0.6621274960718795,groups_011101
115,9.583333333333334,6.6024992344003826,2.9808340989329514,groups_011101
116,6.083333333333333,7.285499266001821,-1.202165932668488,groups_011101
118,8.333333333333334,8.588048744774841,-0.2547154114415075,groups_011101
119,7.916666666666667,10.300893787996785,-2.3842271213301176,groups_011101
120,8.25,8.090499988448078,0.1595000115519216,groups_011101
121,9.0,9.448703851729064,-0.4487038517290642,groups_011101
122,4.583333333333333,8.555341741031224,-3.972008407697891,groups_011101
124,8.916666666666666,9.302562083319692,-0.3858954166530264,groups_011101
125,9.333333333333334,8.551922393667901,0.7814109396654327,groups_011101
126,9.25,9.82005726524195,-0.5700572652419496,groups_011101
127,11.666666666666666,12.491569133360628,-0.8249024666939615,groups_011101
129,8.333333333333334,8.41240605134939,-0.0790727180160555,groups_011101
130,11.583333333333334,10.47320722109983,1.1101261122335035,groups_011101
133,8.25,5.940864654320771,2.3091353456792287,groups_011101
135,11.666666666666666,11.383510809356215,0.2831558573104491,groups_011101
137,10.416666666666666,8.065006931855898,2.3516597348107684,groups_011101
138,5.916666666666667,7.484457886380724,-1.567791219714057,groups_011101
139,4.916666666666667,5.513993650180109,-0.597326983513442,groups_011101
140,11.833333333333334,12.617747082203053,-0.7844137488697189,groups_011101
141,7.833333333333333,10.121464518462512,-2.2881311851291803,groups_011101
142,9.916666666666666,10.490485150418982,-0.5738184837523157,groups_011101
144,12.083333333333334,9.959216662272157,2.124116671061179,groups_011101
145,4.666666666666667,6.854620115165174,-2.187953448498507,groups_011101
146,4.583333333333333,5.157444325333127,-0.5741109919997935,groups_011101
147,6.333333333333333,4.116313596169033,2.2170197371643,groups_011101
148,12.0,11.168261423886676,0.8317385761133238,groups_011101
149,8.0,8.250840400936438,-0.250840400936438,groups_011101
150,4.166666666666667,4.794428399997438,-0.6277617333307708,groups_011101
151,10.666666666666666,9.632551198479046,1.03411546818762,groups_011101
153,4.083333333333333,5.885945781341394,-1.8026124480080608,groups_011101
154,6.75,7.442203691332686,-0.6922036913326863,groups_011101
158,10.166666666666666,10.100496056037915,0.0661706106287507,groups_011101
160,10.75,10.128154675794484,0.6218453242055162,groups_011101
165,6.583333333333333,5.522499791823594,1.060833541509739,groups_011101
166,9.25,11.033737358265377,-1.7837373582653768,groups_011101
167,11.333333333333334,10.64345242400266,0.6898809093306735,groups_011101
169,6.833333333333333,10.280759336547671,-3.4474260032143382,groups_011101
170,7.166666666666667,7.1210473378178945,0.0456193288487725,groups_011101
171,5.0,3.886025014055873,1.113974985944127,groups_011101
172,6.25,6.143943031280352,0.1060569687196482,groups_011101
173,9.833333333333334,10.5654384189897,-0.7321050856563662,groups_011101
174,12.0,9.998380657996954,2.001619342003046,groups_011101
176,11.666666666666666,11.981691391978442,-0.3150247253117761,groups_011101
178,7.5,8.398364949278097,-0.898364949278097,groups_011101
181,6.166666666666667,8.061787882771343,-1.895121216104676,groups_011101
183,11.583333333333334,11.37615649858324,0.2071768347500953,groups_011101
185,11.0,8.268197623158372,2.731802376841628,groups_011101
186,6.0,7.753465803090087,-1.7534658030900871,groups_011101
188,9.25,7.296718176221281,1.9532818237787184,groups_011101
190,5.583333333333333,8.226589294647358,-2.6432559613140247,groups_011101
191,7.75,6.704222400599076,1.0457775994009235,groups_011101
192,9.583333333333334,9.770734275744145,-0.1874009424108109,groups_011101
193,7.666666666666667,8.086707821378027,-0.4200411547113605,groups_011101
195,10.5,9.049473485424414,1.4505265145755857,groups_011101
198,10.583333333333334,10.21175890254066,0.3715744307926734,groups_011101
199,5.333333333333333,7.074584694752339,-1.741251361419006,groups_011101
200,4.75,2.9790399828399163,1.7709600171600837,groups_011101
201,4.083333333333333,5.453840287213815,-1.370506953880482,groups_011101
1,14.25,14.32820402066386,-0.0782040206638594,groups_011110
2,15.75,13.162053830238552,2.587946169761448,groups_011110
3,15.833333333333334,12.691458321175665,3.1418750121576693,groups_011110
5,15.333333333333334,14.37027571346882,0.9630576198645128,groups_011110
6,12.833333333333334,12.061739054095408,0.7715942792379256,groups_011110
7,13.333333333333334,12.46191262477396,0.8714207085593753,groups_011110
8,15.333333333333334,13.695522209890806,1.6378111234425283,groups_011110
9,13.333333333333334,13.69149361755514,-0.358160284221805,groups_011110
12,15.416666666666666,11.278581294198688,4.1380853724679785,groups_011110
13,14.083333333333334,12.584749987647903,1.4985833456854305,groups_011110
14,12.916666666666666,14.47718318165624,-1.5605165149895743,groups_011110
15,13.166666666666666,13.39685013897741,-0.2301834723107436,groups_011110
16,12.166666666666666,13.176983856391878,-1.010317189725212,groups_011110
17,12.25,12.580006989722516,-0.3300069897225164,groups_011110
18,13.083333333333334,13.472915758211863,-0.3895824248785313,groups_011110
19,18.75,16.978834219294395,1.771165780705605,groups_011110
21,12.0,15.599931050531026,-3.5999310505310262,groups_011110
22,15.333333333333334,14.124126912429425,1.209206420903909,groups_011110
23,18.416666666666668,15.619124170329403,2.797542496337263,groups_011110
24,15.166666666666666,14.96770669563077,0.1989599710358955,groups_011110
25,14.0,15.93032834130264,-1.9303283413026409,groups_011110
26,14.583333333333334,13.938947622029882,0.6443857113034515,groups_011110
27,12.75,15.624695339075892,-2.874695339075892,groups_011110
28,14.166666666666666,14.37092018629574,-0.2042535196290735,groups_011110
29,12.666666666666666,13.995530240478448,-1.3288635738117822,groups_011110
30,12.083333333333334,12.108396309536934,-0.0250629762035998,groups_011110
32,14.166666666666666,14.797339417341863,-0.630672750675199,groups_011110
34,13.083333333333334,14.255827318870956,-1.1724939855376224,groups_011110
36,17.166666666666668,15.313362053156204,1.8533046135104632,groups_011110
37,17.916666666666668,16.161933819421364,1.754732847245304,groups_011110
38,14.166666666666666,14.028939494696944,0.1377271719697219,groups_011110
40,13.166666666666666,14.601252135025511,-1.4345854683588453,groups_011110
41,17.833333333333332,14.258930481337565,3.5744028519957673,groups_011110
43,17.583333333333332,16.77603852000888,0.8072948133244537,groups_011110
44,13.666666666666666,15.39522776454898,-1.7285610978823147,groups_011110
45,16.583333333333332,16.295614077809933,0.2877192555233989,groups_011110
46,14.0,15.392162245697492,-1.3921622456974916,groups_011110
49,16.333333333333332,16.35149809826185,-0.0181647649285174,groups_011110
50,17.833333333333332,16.719776408189976,1.1135569251433566,groups_011110
51,14.833333333333334,16.398306512202655,-1.5649731788693213,groups_011110
52,15.833333333333334,16.1402764887755,-0.3069431554421644,groups_011110
53,17.25,14.737790122909834,2.512209877090166,groups_011110
54,17.416666666666668,16.6629509356184,0.753715731048267,groups_011110
55,16.75,15.745629347247476,1.0043706527525238,groups_011110
56,16.083333333333332,14.141523452378967,1.941809880954365,groups_011110
58,14.75,13.87645358897551,0.8735464110244902,groups_011110
59,12.416666666666666,13.157997524728517,-0.7413308580618505,groups_011110
60,14.583333333333334,15.538571904425527,-0.9552385710921936,groups_011110
101,10.083333333333334,10.103884900774622,-0.0205515674412879,groups_011110
102,7.833333333333333,5.949601924659723,1.8837314086736097,groups_011110
104,5.916666666666667,6.310663854311555,-0.3939971876448878,groups_011110
106,11.0,11.22493800031293,-0.22493800031293,groups_011110
108,5.583333333333333,8.178232201112738,-2.594898867779406,groups_011110
109,8.666666666666666,12.62300318141222,-3.956336514745553,groups_011110
110,11.416666666666666,11.445286035989476,-0.0286193693228096,groups_011110
112,4.416666666666667,5.242394549501606,-0.825727882834939,groups_011110
113,7.0,6.546753265926983,0.4532467340730166,groups_011110
115,9.583333333333334,6.63539333532544,2.947939998007894,groups_011110
116,6.083333333333333,7.61069273953518,-1.527359406201847,groups_011110
118,8.333333333333334,7.28239720817759,1.0509361251557436,groups_011110
119,7.916666666666667,9.633489748532693,-1.716823081866024,groups_011110
120,8.25,10.915119755708618,-2.665119755708618,groups_011110
121,9.0,9.145942914290536,-0.1459429142905364,groups_011110
122,4.583333333333333,8.003336374515369,-3.420003041182036,groups_011110
124,8.916666666666666,8.822814067818637,0.0938525988480289,groups_011110
125,9.333333333333334,8.849047912325524,0.4842854210078098,groups_011110
126,9.25,9.674505391332236,-0.4245053913322358,groups_011110
127,11.666666666666666,13.13835844813233,-1.4716917814656636,groups_011110
129,8.333333333333334,7.727559555324555,0.6057737780087793,groups_011110
130,11.583333333333334,10.095225794429004,1.4881075389043286,groups_011110
133,8.25,5.757287193175625,2.4927128068243753,groups_011110
135,11.666666666666666,11.057701914148089,0.6089647525185793,groups_011110
137,10.416666666666666,8.101132266630238,2.3155344000364284,groups_011110
138,5.916666666666667,8.710463845474038,-2.793797178807371,groups_011110
139,4.916666666666667,5.474907109688343,-0.5582404430216759,groups_011110
140,11.833333333333334,12.874109320535872,-1.0407759872025384,groups_011110
141,7.833333333333333,10.210451098088448,-2.3771177647551136,groups_011110
142,9.916666666666666,9.771947179315926,0.1447194873507395,groups_011110
144,12.083333333333334,9.322637810085531,2.7606955232478008,groups_011110
145,4.666666666666667,6.165300082414683,-1.4986334157480163,groups_011110
146,4.583333333333333,5.7171512848771515,-1.1338179515438185,groups_011110
147,6.333333333333333,5.228673903120576,1.1046594302127568,groups_011110
148,12.0,11.529884881581756,0.4701151184182439,groups_011110
149,8.0,8.0848263677347,-0.0848263677346992,groups_011110
150,4.166666666666667,5.743137114194183,-1.576470447527516,groups_011110
151,10.666666666666666,11.386407328854824,-0.7197406621881584,groups_011110
153,4.083333333333333,6.187105359972616,-2.103772026639283,groups_011110
154,6.75,7.863827317629659,-1.1138273176296591,groups_011110
158,10.166666666666666,10.199129383296851,-0.0324627166301851,groups_011110
160,10.75,9.88522979154122,0.8647702084587792,groups_011110
165,6.583333333333333,5.363975036986802,1.219358296346531,groups_011110
166,9.25,11.114630194846766,-1.8646301948467665,groups_011110
167,11.333333333333334,12.907715357504326,-1.5743820241709925,groups_011110
169,6.833333333333333,8.850427040456506,-2.0170937071231725,groups_011110
170,7.166666666666667,7.120260793569139,0.0464058730975276,groups_011110
171,5.0,4.669378675048555,0.3306213249514451,groups_011110
172,6.25,6.285084878160775,-0.0350848781607746,groups_011110
173,9.833333333333334,9.790353517390797,0.0429798159425374,groups_011110
174,12.0,10.03070852417208,1.9692914758279212,groups_011110
176,11.666666666666666,10.74959498551384,0.9170716811528266,groups_011110
178,7.5,7.838836658145952,-0.3388366581459525,groups_011110
181,6.166666666666667,6.8149354033804315,-0.6482687367137645,groups_011110
183,11.583333333333334,10.151764166035344,1.4315691672979902,groups_011110
185,11.0,8.531145739715354,2.4688542602846457,groups_011110
186,6.0,7.374728213987421,-1.3747282139874208,groups_011110
188,9.25,8.164015478049267,1.0859845219507331,groups_011110
190,5.583333333333333,6.931461594638665,-1.348128261305332,groups_011110
191,7.75,7.903855787613248,-0.1538557876132484,groups_011110
192,9.583333333333334,8.85283266107929,0.7305006722540437,groups_011110
193,7.666666666666667,7.898492878630847,-0.2318262119641803,groups_011110
195,10.5,8.920355387416933,1.579644612583067,groups_011110
198,10.583333333333334,10.507982741370396,0.0753505919629375,groups_011110
199,5.333333333333333,6.288458921613777,-0.9551255882804436,groups_011110
200,4.75,4.981739874211771,-0.2317398742117706,groups_011110
201,4.083333333333333,6.809875753502122,-2.726542420168789,groups_011110
1,14.25,15.828431682430228,-1.578431682430228,groups_001011
2,15.75,14.079088894900057,1.6709111050999432,groups_001011
3,15.833333333333334,11.869970660157922,3.963362673175413,groups_001011
5,15.333333333333334,15.657582486472323,-0.3242491531389913,groups_001011
6,12.833333333333334,12.94839638986414,-0.1150630565308059,groups_001011
7,13.333333333333334,11.904220725484352,1.4291126078489818,groups_001011
8,15.333333333333334,13.205393300749726,2.1279400325836075,groups_001011
9,13.333333333333334,14.902695307348583,-1.5693619740152511,groups_001011
12,15.416666666666666,15.3381994062621,0.078467260404567,groups_001011
13,14.083333333333334,13.547079336128876,0.536253997204458,groups_001011
14,12.916666666666666,14.10238249167318,-1.1857158250065147,groups_001011
15,13.166666666666666,14.152753635639565,-0.9860869689728968,groups_001011
16,12.166666666666666,10.742566720762053,1.4240999459046133,groups_001011
17,12.25,11.486543063945009,0.7634569360549932,groups_001011
18,13.083333333333334,13.317300959522113,-0.2339676261887788,groups_001011
19,18.75,17.7641494034032,0.9858505965968014,groups_001011
21,12.0,12.483782054974832,-0.4837820549748333,groups_001011
22,15.333333333333334,12.679875221723094,2.65345811161024,groups_001011
23,18.416666666666668,16.08777467956159,2.3288919871050773,groups_001011
24,15.166666666666666,15.260123087943704,-0.0934564212770379,groups_001011
25,14.0,14.774528075697877,-0.7745280756978765,groups_001011
26,14.583333333333334,13.393215634850222,1.190117698483112,groups_001011
27,12.75,14.379772399841212,-1.6297723998412117,groups_001011
28,14.166666666666666,14.998818967109395,-0.8321523004427291,groups_001011
29,12.666666666666666,11.888849083210197,0.7778175834564713,groups_001011
30,12.083333333333334,10.780716907256943,1.3026164260763906,groups_001011
32,14.166666666666666,15.572308763783784,-1.4056420971171182,groups_001011
34,13.083333333333334,13.814671031986114,-0.73133769865278,groups_001011
36,17.166666666666668,16.702937702231136,0.463728964435532,groups_001011
37,17.916666666666668,16.671711168274122,1.244955498392546,groups_001011
38,14.166666666666666,13.999263805995646,0.1674028606710198,groups_001011
40,13.166666666666666,14.588581974736057,-1.421915308069389,groups_001011
41,17.833333333333332,15.295964371929026,2.5373689614043062,groups_001011
43,17.583333333333332,16.605026114099346,0.9783072192339866,groups_001011
44,13.666666666666666,13.368904832426042,0.2977618342406245,groups_001011
45,16.583333333333332,15.667805488571544,0.9155278447617868,groups_001011
46,14.0,16.732056482146778,-2.7320564821467777,groups_001011
49,16.333333333333332,17.218981314567493,-0.8856479812341611,groups_001011
50,17.833333333333332,17.213401258162882,0.6199320751704498,groups_001011
51,14.833333333333334,16.41389360524827,-1.5805602719149352,groups_001011
52,15.833333333333334,16.760805269670033,-0.9274719363366994,groups_001011
53,17.25,15.977711460436428,1.272288539563572,groups_001011
54,17.416666666666668,16.69984124441116,0.716825422255507,groups_001011
55,16.75,16.07027968030186,0.6797203196981414,groups_001011
56,16.083333333333332,13.468743230520634,2.6145901028126985,groups_001011
58,14.75,14.457895052777186,0.2921049472228141,groups_001011
59,12.416666666666666,12.41475419988167,0.0019124667849954,groups_001011
60,14.583333333333334,15.763211420861072,-1.1798780875277384,groups_001011
101,10.083333333333334,10.046621327306728,0.0367120060266064,groups_001011
102,7.833333333333333,8.480244175235235,-0.6469108419019021,groups_001011
104,5.916666666666667,3.814609922188885,2.102056744477782,groups_001011
106,11.0,10.781491436878545,0.2185085631214551,groups_001011
108,5.583333333333333,8.7024655670202,-3.1191322336868668,groups_001011
109,8.666666666666666,9.571876769044724,-0.9052101023780564,groups_001011
110,11.416666666666666,9.321153691476004,2.095512975190662,groups_001011
112,4.416666666666667,5.3032374942500295,-0.8865708275833626,groups_001011
113,7.0,6.93912496789408,0.0608750321059199,groups_001011
115,9.583333333333334,9.20221399450589,0.3811193388274443,groups_001011
116,6.083333333333333,11.045192572163298,-4.961859238829965,groups_001011
118,8.333333333333334,7.987670768004451,0.3456625653288832,groups_001011
119,7.916666666666667,9.887530929030287,-1.970864262363622,groups_001011
120,8.25,7.732964119405517,0.5170358805944826,groups_001011
121,9.0,10.261953327518532,-1.2619533275185315,groups_001011
122,4.583333333333333,8.02410570413295,-3.4407723707996167,groups_001011
124,8.916666666666666,10.855236626789152,-1.9385699601224855,groups_001011
125,9.333333333333334,9.529614820996692,-0.1962814876633594,groups_001011
126,9.25,12.127154521511304,-2.8771545215113026,groups_001011
127,11.666666666666666,11.62106269188203,0.0456039747846368,groups_001011
129,8.333333333333334,6.843468746819017,1.489864586514317,groups_001011
130,11.583333333333334,11.5660906821031,0.0172426512302337,groups_001011
133,8.25,9.243985673865424,-0.9939856738654242,groups_001011
135,11.666666666666666,10.703730681580776,0.96293598508589,groups_001011
137,10.416666666666666,7.217901538218349,3.1987651284483167,groups_001011
138,5.916666666666667,9.12586955110713,-3.2092028844404625,groups_001011
139,4.916666666666667,6.177843242695572,-1.261176576028905,groups_001011
140,11.833333333333334,12.72421658226018,-0.8908832489268459,groups_001011
141,7.833333333333333,7.659796326349067,0.1735370069842661,groups_001011
142,9.916666666666666,7.383154196057054,2.5335124706096117,groups_001011
144,12.083333333333334,8.79379307112084,3.289540262212494,groups_001011
145,4.666666666666667,7.549792804813975,-2.8831261381473077,groups_001011
146,4.583333333333333,6.925443651251327,-2.342110317917994,groups_001011
147,6.333333333333333,6.0491311374014805,0.2842021959318526,groups_001011
148,12.0,9.981207310688196,2.0187926893118036,groups_001011
149,8.0,8.850375635223038,-0.8503756352230383,groups_001011
150,4.166666666666667,7.328612553811394,-3.161945887144727,groups_001011
151,10.666666666666666,12.029482352693096,-1.3628156860264298,groups_001011
153,4.083333333333333,4.949384372784287,-0.8660510394509542,groups_001011
154,6.75,8.023148619014833,-1.2731486190148331,groups_001011
158,10.166666666666666,9.974864714638802,0.1918019520278644,groups_001011
160,10.75,9.082299437075424,1.6677005629245762,groups_001011
165,6.583333333333333,3.842596228885313,2.74073710444802,groups_001011
166,9.25,9.870140202693724,-0.6201402026937242,groups_001011
167,11.333333333333334,11.85321421632915,-0.5198808829958157,groups_001011
169,6.833333333333333,8.051301151287342,-1.2179678179540092,groups_001011
170,7.166666666666667,6.485824178049802,0.6808424886168654,groups_001011
171,5.0,4.805028246122195,0.1949717538778053,groups_001011
172,6.25,7.176369178769029,-0.9263691787690292,groups_001011
173,9.833333333333334,9.54971103568298,0.2836222976503553,groups_001011
174,12.0,9.527253914930784,2.4727460850692147,groups_001011
176,11.666666666666666,11.52707238956096,0.1395942771057061,groups_001011
178,7.5,6.635501736411459,0.8644982635885414,groups_001011
181,6.166666666666667,8.20677070410471,-2.0401040374380424,groups_001011
183,11.583333333333334,9.334968968910978,2.248364364422356,groups_001011
185,11.0,6.308808709545993,4.691191290454007,groups_001011
186,6.0,8.432491530847333,-2.432491530847333,groups_001011
188,9.25,6.450076292027136,2.799923707972864,groups_001011
190,5.583333333333333,7.714925141784065,-2.1315918084507324,groups_001011
191,7.75,6.309462616031406,1.4405373839685938,groups_001011
192,9.583333333333334,6.869112160031771,2.7142211733015627,groups_001011
193,7.666666666666667,9.317586390608962,-1.6509197239422957,groups_001011
195,10.5,10.355822672582788,0.1441773274172124,groups_001011
198,10.583333333333334,10.700071504110232,-0.1167381707768981,groups_001011
199,5.333333333333333,5.096339105240427,0.2369942280929056,groups_001011
200,4.75,3.6672889870041994,1.0827110129958006,groups_001011
201,4.083333333333333,5.884854731237147,-1.801521397903814,groups_001011
1,14.25,13.482285146366824,0.7677148536331764,groups_010011
2,15.75,12.959944880330262,2.790055119669738,groups_010011
3,15.833333333333334,12.41169134801514,3.4216419853181943,groups_010011
5,15.333333333333334,15.234982897023189,0.098350436310147,groups_010011
6,12.833333333333334,10.818847580849043,2.0144857524842905,groups_010011
7,13.333333333333334,10.789815431664334,2.5435179016690004,groups_010011
8,15.333333333333334,12.2228017296891,3.110531603644233,groups_010011
9,13.333333333333334,13.996955832606805,-0.6636224992734707,groups_010011
12,15.416666666666666,13.279310632336893,2.1373560343297733,groups_010011
13,14.083333333333334,10.427245179298804,3.6560881540345296,groups_010011
14,12.916666666666666,14.165114656149711,-1.2484479894830454,groups_010011
15,13.166666666666666,13.55558072903165,-0.388914062364984,groups_010011
16,12.166666666666666,14.131968968947753,-1.9653023022810867,groups_010011
17,12.25,12.77530227216403,-0.5253022721640299,groups_010011
18,13.083333333333334,11.084084991448078,1.999248341885256,groups_010011
19,18.75,16.440814421960383,2.3091855780396173,groups_010011
21,12.0,12.639770981037175,-0.6397709810371754,groups_010011
22,15.333333333333334,13.220471445307226,2.1128618880261083,groups_010011
23,18.416666666666668,14.1844359460689,4.232230720597768,groups_010011
24,15.166666666666666,15.631409423166662,-0.4647427564999962,groups_010011
25,14.0,16.061145861022688,-2.0611458610226876,groups_010011
26,14.583333333333334,15.95632015497162,-1.3729868216382872,groups_010011
27,12.75,14.484668393226778,-1.7346683932267783,groups_010011
28,14.166666666666666,14.332313303469434,-0.1656466368027676,groups_010011
29,12.666666666666666,14.647312156504997,-1.980645489838329,groups_010011
30,12.083333333333334,12.817055820003713,-0.7337224866703771,groups_010011
32,14.166666666666666,14.9558224449066,-0.7891557782399339,groups_010011
34,13.083333333333334,14.791980469010742,-1.708647135677408,groups_010011
36,17.166666666666668,15.54174499630928,1.624921670357388,groups_010011
37,17.916666666666668,15.696041536408124,2.2206251302585436,groups_010011
38,14.166666666666666,16.43371181569275,-2.2670451490260835,groups_010011
40,13.166666666666666,14.984124105080197,-1.8174574384135287,groups_010011
41,17.833333333333332,14.340605603119696,3.4927277302136375,groups_010011
43,17.583333333333332,17.531143878330738,0.052189455002594,groups_010011
44,13.666666666666666,15.159093678697367,-1.4924270120307028,groups_010011
45,16.583333333333332,15.47353529148798,1.1097980418453517,groups_010011
46,14.0,14.457636310050171,-0.4576363100501712,groups_010011
49,16.333333333333332,16.18978073519709,0.1435525981362424,groups_010011
50,17.833333333333332,17.605463542538264,0.2278697907950686,groups_010011
51,14.833333333333334,16.284071450151398,-1.450738116818064,groups_010011
52,15.833333333333334,17.210486591898174,-1.3771532585648405,groups_010011
53,17.25,15.82773188356401,1.4222681164359905,groups_010011
54,17.416666666666668,15.314717359593011,2.101949307073657,groups_010011
55,16.75,15.73068528426696,1.019314715733039,groups_010011
56,16.083333333333332,14.595927920418012,1.4874054129153187,groups_010011
58,14.75,15.396524946204748,-0.6465249462047478,groups_010011
59,12.416666666666666,11.442204417878616,0.9744622487880488,groups_010011
60,14.583333333333334,14.76860547896934,-0.1852721456360058,groups_010011
101,10.083333333333334,10.724629871388707,-0.6412965380553732,groups_010011
102,7.833333333333333,6.667945221987112,1.1653881113462212,groups_010011
104,5.916666666666667,7.609238188084804,-1.6925715214181372,groups_010011
106,11.0,11.8403530475349,-0.8403530475349008,groups_010011
108,5.583333333333333,8.155605509441942,-2.57227217610861,groups_010011
109,8.666666666666666,12.092298019976171,-3.4256313533095053,groups_010011
110,11.416666666666666,9.9882289411261,1.4284377255405651,groups_010011
112,4.416666666666667,7.067656536865368,-2.6509898701987007,groups_010011
113,7.0,7.605790431359609,-0.6057904313596092,groups_010011
115,9.583333333333334,8.494208847194152,1.0891244861391822,groups_010011
116,6.083333333333333,9.260386079937769,-3.177052746604434,groups_010011
118,8.333333333333334,6.853046745555787,1.480286587777547,groups_010011
119,7.916666666666667,10.64678785411072,-2.7301211874440545,groups_010011
120,8.25,9.881605282181653,-1.631605282181651,groups_010011
121,9.0,8.015799188790023,0.9842008112099768,groups_010011
122,4.583333333333333,7.429347187459684,-2.846013854126351,groups_010011
124,8.916666666666666,10.20962724082164,-1.2929605741549732,groups_010011
125,9.333333333333334,7.05344183273048,2.2798915006028535,groups_010011
126,9.25,9.088176922184177,0.1618230778158231,groups_010011
127,11.666666666666666,12.95339383530271,-1.2867271686360446,groups_010011
129,8.333333333333334,8.698455826439416,-0.3651224931060817,groups_010011
130,11.583333333333334,9.160036173431775,2.4232971599015567,groups_010011
133,8.25,6.185495525952889,2.0645044740471112,groups_010011
135,11.666666666666666,11.349538571805128,0.3171280948615376,groups_010011
137,10.416666666666666,7.026531235363013,3.390135431303653,groups_010011
138,5.916666666666667,8.040020958516145,-2.123354291849478,groups_010011
139,4.916666666666667,6.160687795726393,-1.2440211290597256,groups_010011
140,11.833333333333334,13.311922398838034,-1.4785890655046998,groups_010011
141,7.833333333333333,9.193954464881582,-1.3606211315482488,groups_010011
142,9.916666666666666,10.595019617946871,-0.6783529512802051,groups_010011
144,12.083333333333334,9.33281003148643,2.750523301846904,groups_010011
145,4.666666666666667,4.0754642735129725,0.5912023931536945,groups_010011
146,4.583333333333333,7.484807384473839,-2.9014740511405064,groups_010011
147,6.333333333333333,6.764235670974013,-0.4309023376406795,groups_010011
148,12.0,12.05208251019956,-0.0520825101995594,groups_010011
149,8.0,7.385214565011516,0.6147854349884838,groups_010011
150,4.166666666666667,5.522145596509569,-1.355478929842902,groups_010011
151,10.666666666666666,12.800199504628036,-2.1335328379613685,groups_010011
153,4.083333333333333,5.25684951202183,-1.1735161786884971,groups_010011
154,6.75,6.69577175502894,0.0542282449710596,groups_010011
158,10.166666666666666,10.11290177464655,0.0537648920201156,groups_010011
160,10.75,9.2502506105984,1.4997493894016003,groups_010011
165,6.583333333333333,6.116565051492393,0.46676828184094,groups_010011
166,9.25,10.42223774279458,-1.1722377427945805,groups_010011
167,11.333333333333334,11.616733851904543,-0.2834005185712094,groups_010011
169,6.833333333333333,10.978189636729144,-4.1448563033958115,groups_010011
170,7.166666666666667,4.701603702539612,2.465062964127055,groups_010011
171,5.0,5.48207545946591,-0.4820754594659098,groups_010011
172,6.25,5.712744049470691,0.5372559505293086,groups_010011
173,9.833333333333334,10.645333518179063,-0.812000184845731,groups_010011
174,12.0,10.522446313437102,1.4775536865628975,groups_010011
176,11.666666666666666,11.291411976954128,0.3752546897125377,groups_010011
178,7.5,7.993256557283534,-0.4932565572835337,groups_010011
181,6.166666666666667,8.622360082284828,-2.4556934156181613,groups_010011
183,11.583333333333334,10.855581925484932,0.7277514078484018,groups_010011
185,11.0,9.359543109502976,1.640456890497024,groups_010011
186,6.0,7.728656898267159,-1.7286568982671593,groups_010011
188,9.25,6.784945427568848,2.4650545724311517,groups_010011
190,5.583333333333333,8.926426283911933,-3.3430929505786,groups_010011
191,7.75,7.8361574549390784,-0.0861574549390784,groups_010011
192,9.583333333333334,11.633986333028306,-2.0506529996949716,groups_010011
193,7.666666666666667,7.512175086420225,0.1544915802464421,groups_010011
195,10.5,9.18066200703757,1.3193379929624296,groups_010011
198,10.583333333333334,10.39452293190726,0.1888104014260729,groups_010011
199,5.333333333333333,7.179532849596821,-1.8461995162634883,groups_010011
200,4.75,4.882709215250252,-0.1327092152502516,groups_010011
201,4.083333333333333,4.736644062885115,-0.6533107295517819,groups_010011
1,14.25,14.616754334290276,-0.3667543342902757,groups_011001
2,15.75,14.157717502439189,1.5922824975608112,groups_011001
3,15.833333333333334,11.918263996723269,3.915069336610065,groups_011001
5,15.333333333333334,15.65156212345282,-0.3182287901194858,groups_011001
6,12.833333333333334,11.80327343792983,1.0300598954035038,groups_011001
7,13.333333333333334,11.589873652500463,1.7434596808328706,groups_011001
8,15.333333333333334,15.411515164524875,-0.0781818311915429,groups_011001
9,13.333333333333334,14.461482181636306,-1.1281488483029722,groups_011001
12,15.416666666666666,12.215968394124396,3.200698272542269,groups_011001
13,14.083333333333334,12.454159961952213,1.629173371381123,groups_011001
14,12.916666666666666,14.611310965071333,-1.6946442984046666,groups_011001
15,13.166666666666666,15.028887801471877,-1.862221134805209,groups_011001
16,12.166666666666666,13.52715566588507,-1.3604889992184042,groups_011001
17,12.25,13.955873424787963,-1.7058734247879652,groups_011001
18,13.083333333333334,13.594612426531588,-0.5112790931982545,groups_011001
19,18.75,16.5616147473783,2.1883852526217,groups_011001
21,12.0,13.129282172756849,-1.129282172756847,groups_011001
22,15.333333333333334,12.825353552356798,2.5079797809765356,groups_011001
23,18.416666666666668,14.560382253429832,3.856284413236835,groups_011001
24,15.166666666666666,13.350046575058302,1.816620091608364,groups_011001
25,14.0,15.686933040535768,-1.6869330405357683,groups_011001
26,14.583333333333334,13.925547382137928,0.6577859511954056,groups_011001
27,12.75,12.973859114100318,-0.2238591141003176,groups_011001
28,14.166666666666666,15.676407469257224,-1.5097408025905583,groups_011001
29,12.666666666666666,14.294278512802148,-1.6276118461354816,groups_011001
30,12.083333333333334,12.689195667889605,-0.6058623345562708,groups_011001
32,14.166666666666666,13.502815273089494,0.6638513935771719,groups_011001
34,13.083333333333334,14.017538627180404,-0.9342052938470696,groups_011001
36,17.166666666666668,15.136553722868282,2.030112943798386,groups_011001
37,17.916666666666668,16.657255600477896,1.259411066188772,groups_011001
38,14.166666666666666,12.545142443619246,1.6215242230474196,groups_011001
40,13.166666666666666,14.240072825055586,-1.07340615838892,groups_011001
41,17.833333333333332,14.151137677108292,3.6821956562250406,groups_011001
43,17.583333333333332,18.14703209690819,-0.5636987635748589,groups_011001
44,13.666666666666666,12.944181073383447,0.722485593283217,groups_011001
45,16.583333333333332,16.9551730074156,-0.3718396740822669,groups_011001
46,14.0,15.27588827360735,-1.2758882736073502,groups_011001
49,16.333333333333332,16.64341501233183,-0.3100816789984968,groups_011001
50,17.833333333333332,17.232200476674837,0.601132856658495,groups_011001
51,14.833333333333334,16.360686054828456,-1.527352721495122,groups_011001
52,15.833333333333334,16.637234272522146,-0.8039009391888126,groups_011001
53,17.25,17.192170101327818,0.0578298986721819,groups_011001
54,17.416666666666668,16.076815024680904,1.3398516419857636,groups_011001
55,16.75,15.897866959702553,0.8521330402974474,groups_011001
56,16.083333333333332,13.865144493095883,2.2181888402374472,groups_011001
58,14.75,15.022734801668877,-0.2727348016688751,groups_011001
59,12.416666666666666,11.530571815919789,0.8860948507468791,groups_011001
60,14.583333333333334,15.23541095684772,-0.6520776235143853,groups_011001
101,10.083333333333334,10.982594278002164,-0.8992609446688302,groups_011001
102,7.833333333333333,6.445438943762871,1.3878943895704623,groups_011001
104,5.916666666666667,6.7905230835897274,-0.8738564169230605,groups_011001
106,11.0,13.0923566438012,-2.0923566438011996,groups_011001
108,5.583333333333333,6.947810315490348,-1.364476982157015,groups_011001
109,8.666666666666666,12.576329771454848,-3.909663104788182,groups_011001
110,11.416666666666666,9.266733407137345,2.1499332595293215,groups_011001
112,4.416666666666667,6.920406356713323,-2.503739690046656,groups_011001
113,7.0,7.729686824775173,-0.7296868247751727,groups_011001
115,9.583333333333334,7.292713600375478,2.2906197329578557,groups_011001
116,6.083333333333333,8.423754973684222,-2.340421640350889,groups_011001
118,8.333333333333334,8.424723960093404,-0.0913906267600701,groups_011001
119,7.916666666666667,11.033289792500623,-3.116623125833958,groups_011001
120,8.25,6.721495592332819,1.5285044076671808,groups_011001
121,9.0,10.02761109275442,-1.0276110927544195,groups_011001
122,4.583333333333333,7.4992369664409,-2.9159036331075674,groups_011001
124,8.916666666666666,9.453821814995951,-0.5371551483292869,groups_011001
125,9.333333333333334,8.962745065177039,0.3705882681562951,groups_011001
126,9.25,10.626684623470108,-1.3766846234701084,groups_011001
127,11.666666666666666,11.743646522559242,-0.076979855892576,groups_011001
129,8.333333333333334,8.552094191442372,-0.2187608581090376,groups_011001
130,11.583333333333334,10.3990234050645,1.1843099282688332,groups_011001
133,8.25,7.112376059978638,1.1376239400213617,groups_011001
135,11.666666666666666,10.574113721964652,1.092552944702014,groups_011001
137,10.416666666666666,7.383454331478185,3.033212335188481,groups_011001
138,5.916666666666667,7.910874880476719,-1.994208213810052,groups_011001
139,4.916666666666667,4.593128472673924,0.3235381939927428,groups_011001
140,11.833333333333334,13.398977682553292,-1.5656443492199583,groups_011001
141,7.833333333333333,9.451885983373185,-1.6185526500398495,groups_011001
142,9.916666666666666,9.649271285497722,0.267395381168944,groups_011001
144,12.083333333333334,10.33528089869784,1.748052434635493,groups_011001
145,4.666666666666667,6.370827618880416,-1.7041609522137486,groups_011001
146,4.583333333333333,4.985151160738133,-0.4018178274048001,groups_011001
147,6.333333333333333,5.007421934154719,1.3259113991786142,groups_011001
148,12.0,11.553733149515956,0.4462668504840454,groups_011001
149,8.0,8.071976997956952,-0.071976997956952,groups_011001
150,4.166666666666667,4.5283204753049535,-0.3616538086382865,groups_011001
151,10.666666666666666,10.698105788315017,-0.0314391216483489,groups_011001
153,4.083333333333333,4.389396495205431,-0.3060631618720979,groups_011001
154,6.75,7.12382452497944,-0.3738245249794403,groups_011001
158,10.166666666666666,9.61246989488366,0.5541967717830047,groups_011001
160,10.75,9.461741222970824,1.288258777029176,groups_011001
165,6.583333333333333,6.474655259443365,0.1086780738899682,groups_011001
166,9.25,10.719525114170532,-1.4695251141705334,groups_011001
167,11.333333333333334,10.954555635228791,0.3787776981045425,groups_011001
169,6.833333333333333,10.278320336561734,-3.444987003228401,groups_011001
170,7.166666666666667,6.908933252240499,0.257733414426168,groups_011001
171,5.0,4.692435135358714,0.3075648646412858,groups_011001
172,6.25,5.995406587850669,0.2545934121493314,groups_011001
173,9.833333333333334,10.966655305532992,-1.133321972199658,groups_011001
174,12.0,10.442119268434102,1.5578807315658985,groups_011001
176,11.666666666666666,12.594703428517704,-0.928036761851038,groups_011001
178,7.5,7.617088525984309,-0.1170885259843093,groups_011001
181,6.166666666666667,9.157635359096613,-2.990968692429944,groups_011001
183,11.583333333333334,11.179981572217969,0.4033517611153669,groups_011001
185,11.0,7.983008830341053,3.0169911696589473,groups_011001
186,6.0,8.014625069929467,-2.014625069929467,groups_011001
188,9.25,6.463485190469812,2.786514809530188,groups_011001
190,5.583333333333333,8.096530279914397,-2.513196946581064,groups_011001
191,7.75,5.57727963444912,2.17272036555088,groups_011001
192,9.583333333333334,9.55299911545952,0.030334217873813,groups_011001
193,7.666666666666667,8.21529598620299,-0.5486293195363237,groups_011001
195,10.5,9.12817634345084,1.371823656549159,groups_011001
198,10.583333333333334,9.901778299365487,0.6815550339678449,groups_011001
199,5.333333333333333,6.342106315997714,-1.0087729826643803,groups_011001
200,4.75,1.7959678385864617,2.9540321614135383,groups_011001
201,4.083333333333333,4.789016833302308,-0.7056834999689752,groups_011001
1,14.25,14.10965959554559,0.1403404044544096,groups_011010
2,15.75,13.061380607512207,2.6886193924877926,groups_011010
3,15.833333333333334,12.322112109391302,3.511221223942032,groups_011010
5,15.333333333333334,14.721678457310944,0.6116548760223903,groups_011010
6,12.833333333333334,11.890958969693058,0.9423743636402762,groups_011010
7,13.333333333333334,11.378961201726831,1.9543721316065028,groups_011010
8,15.333333333333334,13.869699183351395,1.4636341499819387,groups_011010
9,13.333333333333334,14.121095831817964,-0.7877624984846303,groups_011010
12,15.416666666666666,12.33446165223716,3.0822050144295066,groups_011010
13,14.083333333333334,12.143818537031809,1.9395147963015251,groups_011010
14,12.916666666666666,14.142838459974364,-1.2261717933076977,groups_011010
15,13.166666666666666,13.993519064322877,-0.826852397656209,groups_011010
16,12.166666666666666,13.029834333096506,-0.86316766642984,groups_011010
17,12.25,12.909828241233056,-0.6598282412330558,groups_011010
18,13.083333333333334,13.113695612816022,-0.0303622794826878,groups_011010
19,18.75,16.597268902297394,2.152731097702606,groups_011010
21,12.0,14.578548372662189,-2.578548372662187,groups_011010
22,15.333333333333334,13.679520900057398,1.6538124332759363,groups_011010
23,18.416666666666668,14.509877386969531,3.906789279697136,groups_011010
24,15.166666666666666,15.260568431226478,-0.0939017645598117,groups_011010
25,14.0,15.5661731000375,-1.5661731000374992,groups_011010
26,14.583333333333334,14.452302541096872,0.1310307922364622,groups_011010
27,12.75,15.890962915847371,-3.1409629158473713,groups_011010
28,14.166666666666666,14.45446546563889,-0.2877987989722239,groups_011010
29,12.666666666666666,14.65527823170775,-1.9886115650410847,groups_011010
30,12.083333333333334,12.594638945745029,-0.5113056124116948,groups_011010
32,14.166666666666666,14.763424738986508,-0.596758072319842,groups_011010
34,13.083333333333334,13.841126809192174,-0.7577934758588398,groups_011010
36,17.166666666666668,15.599649526301226,1.5670171403654418,groups_011010
37,17.916666666666668,15.81329945984325,2.1033672068234175,groups_011010
38,14.166666666666666,13.28181042628575,0.8848562403809161,groups_011010
40,13.166666666666666,14.710593548123606,-1.5439268814569402,groups_011010
41,17.833333333333332,14.02869872092398,3.804634612409352,groups_011010
43,17.583333333333332,16.660718381487165,0.9226149518461676,groups_011010
44,13.666666666666666,14.415683391338735,-0.7490167246720709,groups_011010
45,16.583333333333332,16.37451414168221,0.2088191916511235,groups_011010
46,14.0,15.386364067280669,-1.3863640672806667,groups_011010
49,16.333333333333332,16.28769206119103,0.0456412721423014,groups_011010
50,17.833333333333332,17.339224706077587,0.4941086272557449,groups_011010
51,14.833333333333334,17.071352558352167,-2.2380192250188333,groups_011010
52,15.833333333333334,16.664626524472204,-0.8312931911388706,groups_011010
53,17.25,15.40963163801074,1.8403683619892597,groups_011010
54,17.416666666666668,16.144015462366724,1.2726512042999438,groups_011010
55,16.75,16.746613886671142,0.0033861133288581,groups_011010
56,16.083333333333332,13.63188320561441,2.451450127718923,groups_011010
58,14.75,13.64786207033849,1.1021379296615097,groups_011010
59,12.416666666666666,11.672955203110766,0.7437114635559006,groups_011010
60,14.583333333333334,15.277911870729287,-0.6945785373959534,groups_011010
101,10.083333333333334,10.165643814067968,-0.0823104807346339,groups_011010
102,7.833333333333333,6.667950140546042,1.1653831927872913,groups_011010
104,5.916666666666667,6.852236511851538,-0.9355698451848706,groups_011010
106,11.0,11.302704023210968,-0.3027040232109677,groups_011010
108,5.583333333333333,8.729048799362776,-3.145715466029442,groups_011010
109,8.666666666666666,12.526243356079815,-3.859576689413151,groups_011010
110,11.416666666666666,10.480694397706698,0.9359722689599684,groups_011010
112,4.416666666666667,4.876087173485965,-0.4594205068192982,groups_011010
113,7.0,7.419855364200263,-0.4198553642002629,groups_011010
115,9.583333333333334,6.654460316479191,2.9288730168541433,groups_011010
116,6.083333333333333,8.897005086867551,-2.8136717535342184,groups_011010
118,8.333333333333334,6.894146174614513,1.4391871587188207,groups_011010
119,7.916666666666667,10.146326503354745,-2.229659836688076,groups_011010
120,8.25,10.816581003690397,-2.566581003690395,groups_011010
121,9.0,9.252327521448816,-0.2523275214488159,groups_011010
122,4.583333333333333,7.238222170493145,-2.6548888371598123,groups_011010
124,8.916666666666666,8.965026322811564,-0.048359656144898,groups_011010
125,9.333333333333334,8.765591871064341,0.5677414622689927,groups_011010
126,9.25,9.963066998024102,-0.713066998024102,groups_011010
127,11.666666666666666,13.202042463031258,-1.5353757963645922,groups_011010
129,8.333333333333334,8.015695182874168,0.3176381504591656,groups_011010
130,11.583333333333334,10.083853173252136,1.4994801600811964,groups_011010
133,8.25,6.3513114407819895,1.8986885592180105,groups_011010
135,11.666666666666666,10.75989139214756,0.9067752745191076,groups_011010
137,10.416666666666666,7.647071240822212,2.7695954258444537,groups_011010
138,5.916666666666667,8.999549890815793,-3.0828832241491257,groups_011010
139,4.916666666666667,5.6553030358851215,-0.7386363692184545,groups_011010
140,11.833333333333334,13.267847059900856,-1.4345137265675234,groups_011010
141,7.833333333333333,9.897331801635543,-2.06399846830221,groups_011010
142,9.916666666666666,9.019602783455396,0.8970638832112705,groups_011010
144,12.083333333333334,9.561371300514976,2.521962032818358,groups_011010
145,4.666666666666667,5.5322181312417165,-0.8655514645750495,groups_011010
146,4.583333333333333,6.434074655015768,-1.8507413216824349,groups_011010
147,6.333333333333333,6.124667740475042,0.2086655928582912,groups_011010
148,12.0,12.316876481854813,-0.3168764818548126,groups_011010
149,8.0,8.188547826198487,-0.1885478261984872,groups_011010
150,4.166666666666667,6.285560207025369,-2.1188935403587017,groups_011010
151,10.666666666666666,12.186495199408654,-1.5198285327419878,groups_011010
153,4.083333333333333,5.382312309901432,-1.2989789765680992,groups_011010
154,6.75,7.429575026546576,-0.6795750265465763,groups_011010
158,10.166666666666666,10.13677919793149,0.0298874687351755,groups_011010
160,10.75,9.197614958396,1.5523850416039997,groups_011010
165,6.583333333333333,5.385186041311281,1.1981472920220524,groups_011010
166,9.25,10.7143418969098,-1.464341896909799,groups_011010
167,11.333333333333334,13.606505139821962,-2.2731718064886284,groups_011010
169,6.833333333333333,9.129795472304808,-2.296462138971475,groups_011010
170,7.166666666666667,6.842145299616961,0.324521367049706,groups_011010
171,5.0,4.789417465426625,0.2105825345733754,groups_011010
172,6.25,6.184720742664917,0.0652792573350833,groups_011010
173,9.833333333333334,9.978048603308167,-0.1447152699748333,groups_011010
174,12.0,9.908661724114296,2.091338275885704,groups_011010
176,11.666666666666666,11.080805301470528,0.5858613651961395,groups_011010
178,7.5,7.453491654998141,0.0465083450018593,groups_011010
181,6.166666666666667,7.274172908024742,-1.1075062413580747,groups_011010
183,11.583333333333334,9.841556959389909,1.741776373943427,groups_011010
185,11.0,8.233838531131028,2.7661614688689724,groups_011010
186,6.0,7.504145840371024,-1.5041458403710235,groups_011010
188,9.25,7.829758293523541,1.4202417064764583,groups_011010
190,5.583333333333333,6.138309236414809,-0.554975903081476,groups_011010
191,7.75,7.539272778197432,0.2107272218025677,groups_011010
192,9.583333333333334,8.847272185542911,0.7360611477904229,groups_011010
193,7.666666666666667,8.335341620090803,-0.6686749534241363,groups_011010
195,10.5,8.615679950942855,1.8843200490571448,groups_011010
198,10.583333333333334,10.29964097985865,0.2836923534746844,groups_011010
199,5.333333333333333,5.6678569638812615,-0.3345236305479284,groups_011010
200,4.75,4.741024834971635,0.0089751650283647,groups_011010
201,4.083333333333333,6.486626003644838,-2.4032926703115054,groups_011010
1,14.25,16.04940787141157,-1.7994078714115709,groups_001001
2,15.75,14.213461280593158,1.5365387194068418,groups_001001
3,15.833333333333334,11.073003761951812,4.760329571381522,groups_001001
5,15.333333333333334,15.500173069456029,-0.1668397361226947,groups_001001
6,12.833333333333334,12.900001475077572,-0.0666681417442394,groups_001001
7,13.333333333333334,12.401161797012543,0.9321715363207908,groups_001001
8,15.333333333333334,16.670831263843247,-1.3374979305099135,groups_001001
9,13.333333333333334,14.98367747043454,-1.6503441371012073,groups_001001
12,15.416666666666666,13.36400908123366,2.052657585433007,groups_001001
13,14.083333333333334,15.106168649601976,-1.022835316268642,groups_001001
14,12.916666666666666,14.188759850944788,-1.2720931842781216,groups_001001
15,13.166666666666666,13.926945992428411,-0.7602793257617453,groups_001001
16,12.166666666666666,12.699697161833123,-0.5330304951664591,groups_001001
17,12.25,12.71643269190518,-0.4664326919051813,groups_001001
18,13.083333333333334,14.321730998053646,-1.2383976647203117,groups_001001
19,18.75,17.394086557323266,1.3559134426767336,groups_001001
21,12.0,12.683959232417177,-0.6839592324171768,groups_001001
22,15.333333333333334,12.92107245582669,2.412260877506643,groups_001001
23,18.416666666666668,16.377623697147342,2.0390429695193255,groups_001001
24,15.166666666666666,12.114204025094883,3.052462641571781,groups_001001
25,14.0,14.235123622167707,-0.2351236221677073,groups_001001
26,14.583333333333334,12.49060580086732,2.0927275324660144,groups_001001
27,12.75,13.337680394039758,-0.5876803940397579,groups_001001
28,14.166666666666666,15.14383978161154,-0.9771731149448736,groups_001001
29,12.666666666666666,13.3443636251516,-0.677696958484935,groups_001001
30,12.083333333333334,10.867355840739174,1.2159774925941598,groups_001001
32,14.166666666666666,14.212815107233476,-0.0461484405668102,groups_001001
34,13.083333333333334,13.662949642479028,-0.5796163091456936,groups_001001
36,17.166666666666668,13.884922605507962,3.2817440611587063,groups_001001
37,17.916666666666668,16.444013613357942,1.4726530533087256,groups_001001
38,14.166666666666666,10.18036773339754,3.9862989332691257,groups_001001
40,13.166666666666666,14.181839212803466,-1.0151725461367995,groups_001001
41,17.833333333333332,14.631600695501332,3.2017326378320003,groups_001001
43,17.583333333333332,16.581523451824555,1.0018098815087768,groups_001001
44,13.666666666666666,12.222665790093998,1.4440008765726675,groups_001001
45,16.583333333333332,16.86913406646098,-0.2858007331276475,groups_001001
46,14.0,16.620692773921885,-2.620692773921885,groups_001001
49,16.333333333333332,16.905401155395445,-0.5720678220621132,groups_001001
50,17.833333333333332,16.21400693923137,1.6193263941019609,groups_001001
51,14.833333333333334,16.418475818480452,-1.5851424851471183,groups_001001
52,15.833333333333334,14.86640649587481,0.9669268374585248,groups_001001
53,17.25,17.244757640402387,0.0052423595976129,groups_001001
54,17.416666666666668,15.991692049188083,1.424974617478583,groups_001001
55,16.75,15.992026652231075,0.7579733477689228,groups_001001
56,16.083333333333332,11.750740462653775,4.332592870679557,groups_001001
58,14.75,14.149179708456357,0.6008202915436431,groups_001001
59,12.416666666666666,12.272902966037648,0.1437637006290177,groups_001001
60,14.583333333333334,15.754105957334342,-1.1707726240010086,groups_001001
101,10.083333333333334,9.8151406887554,0.2681926445779332,groups_001001
102,7.833333333333333,8.273965343252787,-0.4406320099194536,groups_001001
104,5.916666666666667,3.9047650437746153,2.0119016228920517,groups_001001
106,11.0,13.029031170410558,-2.0290311704105584,groups_001001
108,5.583333333333333,7.825710839525461,-2.2423775061921285,groups_001001
109,8.666666666666666,10.637114928511526,-1.97044826184486,groups_001001
110,11.416666666666666,9.24591219307664,2.1707544735900264,groups_001001
112,4.416666666666667,5.731840590617993,-1.3151739239513258,groups_001001
113,7.0,6.63425415498673,0.3657458450132695,groups_001001
115,9.583333333333334,7.262874580366104,2.3204587529672303,groups_001001
116,6.083333333333333,9.418665189832913,-3.33533185649958,groups_001001
118,8.333333333333334,9.135894551880805,-0.8025612185474689,groups_001001
119,7.916666666666667,10.549944307642305,-2.633277640975636,groups_001001
120,8.25,7.079222275837539,1.1707777241624608,groups_001001
121,9.0,10.1457894067829,-1.1457894067828995,groups_001001
122,4.583333333333333,8.415411798999084,-3.8320784656657514,groups_001001
124,8.916666666666666,10.84003870697044,-1.9233720403037733,groups_001001
125,9.333333333333334,10.258413834829865,-0.9250805014965292,groups_001001
126,9.25,12.243972127882138,-2.993972127882138,groups_001001
127,11.666666666666666,11.097455008704138,0.5692116579625282,groups_001001
129,8.333333333333334,7.4870197108281005,0.8463136225052335,groups_001001
130,11.583333333333334,11.865595109152927,-0.2822617758195935,groups_001001
133,8.25,9.983933900355716,-1.7339339003557157,groups_001001
135,11.666666666666666,10.067842964932254,1.5988237017344122,groups_001001
137,10.416666666666666,7.449061395527664,2.9676052711390017,groups_001001
138,5.916666666666667,9.23332630875877,-3.316659642092102,groups_001001
139,4.916666666666667,3.790323048510105,1.1263436181565618,groups_001001
140,11.833333333333334,11.988438756516366,-0.1551054231830324,groups_001001
141,7.833333333333333,8.281180402808328,-0.447847069474995,groups_001001
142,9.916666666666666,7.803772515881383,2.1128941507852828,groups_001001
144,12.083333333333334,9.908253853640131,2.175079479693201,groups_001001
145,4.666666666666667,9.610051995640054,-4.943385328973387,groups_001001
146,4.583333333333333,7.128025416211239,-2.544692082877906,groups_001001
147,6.333333333333333,5.830102616052095,0.5032307172812382,groups_001001
148,12.0,11.417502208004183,0.5824977919958165,groups_001001
149,8.0,10.289458728675976,-2.289458728675976,groups_001001
150,4.166666666666667,7.151119265787921,-2.984452599121254,groups_001001
151,10.666666666666666,9.918880332859969,0.7477863338066992,groups_001001
153,4.083333333333333,6.055565966025016,-1.972232632691683,groups_001001
154,6.75,9.031857350938289,-2.281857350938287,groups_001001
158,10.166666666666666,10.02458757700932,0.1420790896573471,groups_001001
160,10.75,9.123053813788909,1.6269461862110912,groups_001001
165,6.583333333333333,6.563676326469996,0.019657006863337,groups_001001
166,9.25,10.274513388501555,-1.0245133885015552,groups_001001
167,11.333333333333334,11.408441104379744,-0.0751077710464098,groups_001001
169,6.833333333333333,9.352234379302258,-2.518901045968925,groups_001001
170,7.166666666666667,8.664751095292841,-1.498084428626174,groups_001001
171,5.0,4.034787815852993,0.9652121841470072,groups_001001
172,6.25,6.634468641900788,-0.3844686419007876,groups_001001
173,9.833333333333334,10.516737109565666,-0.683403776232332,groups_001001
174,12.0,9.30719989018682,2.692800109813181,groups_001001
176,11.666666666666666,12.65068348450504,-0.9840168178383752,groups_001001
178,7.5,7.41855914274424,0.0814408572557594,groups_001001
181,6.166666666666667,9.729599514945368,-3.5629328482787015,groups_001001
183,11.583333333333334,9.376035067246198,2.207298266087136,groups_001001
185,11.0,5.720705849476926,5.279294150523074,groups_001001
186,6.0,9.31167423297907,-3.3116742329790707,groups_001001
188,9.25,6.154646794931069,3.095353205068931,groups_001001
190,5.583333333333333,7.348624108610384,-1.7652907752770508,groups_001001
191,7.75,6.124056828165668,1.625943171834332,groups_001001
192,9.583333333333334,6.472709523789684,3.1106238095436503,groups_001001
193,7.666666666666667,9.67185674794671,-2.005190081280044,groups_001001
195,10.5,9.49113364268256,1.0088663573174408,groups_001001
198,10.583333333333334,10.018944241269814,0.5643890920635197,groups_001001
199,5.333333333333333,5.819471173141933,-0.4861378398085998,groups_001001
200,4.75,1.964209886471025,2.785790113528975,groups_001001
201,4.083333333333333,6.489052573940598,-2.405719240607265,groups_001001
1,14.25,13.573235927201967,0.6767640727980329,groups_010001
2,15.75,13.412007575299569,2.337992424700433,groups_010001
3,15.833333333333334,12.313398424612,3.519934908721334,groups_010001
5,15.333333333333334,15.394585490690265,-0.0612521573569289,groups_010001
6,12.833333333333334,10.87702837856172,1.956304954771614,groups_010001
7,13.333333333333334,11.186362805605595,2.1469705277277384,groups_010001
8,15.333333333333334,14.171831877753084,1.1615014555802503,groups_010001
9,13.333333333333334,14.016480516519634,-0.6831471831862999,groups_010001
12,15.416666666666666,12.597638550789814,2.8190281158768524,groups_010001
13,14.083333333333334,11.019256492008743,3.0640768413245887,groups_010001
14,12.916666666666666,14.24048716332747,-1.3238204966608045,groups_010001
15,13.166666666666666,14.120210673879534,-0.9535440072128676,groups_010001
16,12.166666666666666,14.441827007750804,-2.275160341084137,groups_010001
17,12.25,14.177339630911373,-1.9273396309113728,groups_010001
18,13.083333333333334,11.900292693357258,1.1830406399760758,groups_010001
19,18.75,15.859902555408327,2.8900974445916727,groups_010001
21,12.0,12.856423420924031,-0.8564234209240329,groups_010001
22,15.333333333333334,12.844304824503876,2.489028508829458,groups_010001
23,18.416666666666668,13.74685067552759,4.669815991139078,groups_010001
24,15.166666666666666,13.906830285597234,1.259836381069432,groups_010001
25,14.0,15.742870960220817,-1.7428709602208148,groups_010001
26,14.583333333333334,15.027712812854851,-0.4443794795215172,groups_010001
27,12.75,13.049596653414625,-0.299596653414623,groups_010001
28,14.166666666666666,14.384554635889875,-0.2178879692232112,groups_010001
29,12.666666666666666,15.437853450660212,-2.771186783993546,groups_010001
30,12.083333333333334,13.206723615902192,-1.1233902825688595,groups_010001
32,14.166666666666666,13.419398096391411,0.7472685702752546,groups_010001
34,13.083333333333334,14.28831467076959,-1.2049813374362568,groups_010001
36,17.166666666666668,14.896328204032292,2.270338462634376,groups_010001
37,17.916666666666668,16.064429978153214,1.8522366885134536,groups_010001
38,14.166666666666666,14.48321389471728,-0.3165472280506147,groups_010001
40,13.166666666666666,14.46662525058048,-1.2999585839138137,groups_010001
41,17.833333333333332,14.218326174381591,3.615007158951741,groups_010001
43,17.583333333333332,18.365873312934102,-0.7825399796007737,groups_010001
44,13.666666666666666,13.184416581838052,0.482250084828614,groups_010001
45,16.583333333333332,16.943953567252024,-0.3606202339186914,groups_010001
46,14.0,14.178329696528598,-0.1783296965285981,groups_010001
49,16.333333333333332,16.03031546906155,0.3030178642717835,groups_010001
50,17.833333333333332,17.82588874173743,0.0074445915959024,groups_010001
51,14.833333333333334,16.105051955448012,-1.271718622114678,groups_010001
52,15.833333333333334,16.486876409491035,-0.6535430761577015,groups_010001
53,17.25,16.810907582469937,0.4390924175300625,groups_010001
54,17.416666666666668,15.310983683628772,2.105682983037896,groups_010001
55,16.75,15.562470446034318,1.1875295539656818,groups_010001
56,16.083333333333332,14.313066472705078,1.7702668606282543,groups_010001
58,14.75,14.580425213117726,0.1695747868822739,groups_010001
59,12.416666666666666,11.390423584806127,1.026243081860537,groups_010001
60,14.583333333333334,14.295077851867797,0.2882554814655389,groups_010001
101,10.083333333333334,10.86413346412831,-0.7808001307949759,groups_010001
102,7.833333333333333,5.991567311812549,1.841766021520784,groups_010001
104,5.916666666666667,8.132230052422786,-2.215563385756119,groups_010001
106,11.0,13.080343714587208,-2.080343714587208,groups_010001
108,5.583333333333333,7.206988039155938,-1.623654705822605,groups_010001
109,8.666666666666666,13.200121620236354,-4.533454953569688,groups_010001
110,11.416666666666666,9.94225984810275,1.4744068185639154,groups_010001
112,4.416666666666667,8.299180893953777,-3.8825142272871096,groups_010001
113,7.0,8.219836177746902,-1.2198361777469025,groups_010001
115,9.583333333333334,7.953285715621973,1.6300476177113603,groups_010001
116,6.083333333333333,8.81117071030922,-2.727837376975887,groups_010001
118,8.333333333333334,8.163108755052896,0.1702245782804379,groups_010001
119,7.916666666666667,11.274925944872,-3.3582592782053338,groups_010001
120,8.25,8.223931655304746,0.026068344695254,groups_010001
121,9.0,9.04105666962426,-0.0410566696242593,groups_010001
122,4.583333333333333,7.348806916971435,-2.7654735836381024,groups_010001
124,8.916666666666666,8.713063824682546,0.2036028419841198,groups_010001
125,9.333333333333334,7.357790463275689,1.9755428700576445,groups_010001
126,9.25,8.396553966411576,0.8534460335884244,groups_010001
127,11.666666666666666,11.781041743304977,-0.1143750766383089,groups_010001
129,8.333333333333334,9.805963956269968,-1.4726306229366326,groups_010001
130,11.583333333333334,9.142796268701195,2.440537064632137,groups_010001
133,8.25,6.143884538187078,2.106115461812922,groups_010001
135,11.666666666666666,11.425082703515296,0.2415839631513687,groups_010001
137,10.416666666666666,7.002222904791294,3.414443761875372,groups_010001
138,5.916666666666667,7.029881126127179,-1.1132144594605125,groups_010001
139,4.916666666666667,5.469688537934526,-0.553021871267859,groups_010001
140,11.833333333333334,12.941628681519814,-1.1082953481864806,groups_010001
141,7.833333333333333,9.707016946766007,-1.8736836134326744,groups_010001
142,9.916666666666666,11.514284006600242,-1.597617339933576,groups_010001
144,12.083333333333334,10.450800871823049,1.6325324615102854,groups_010001
145,4.666666666666667,4.932738226258789,-0.2660715595921221,groups_010001
146,4.583333333333333,6.491489791896796,-1.9081564585634627,groups_010001
147,6.333333333333333,5.504712912217868,0.8286204211154651,groups_010001
148,12.0,11.8986733648856,0.1013266351143986,groups_010001
149,8.0,7.219231153576505,0.780768846423495,groups_010001
150,4.166666666666667,4.403990986772047,-0.2373243201053796,groups_010001
151,10.666666666666666,11.546325767346552,-0.879659100679886,groups_010001
153,4.083333333333333,5.181800946059009,-1.0984676127256758,groups_010001
154,6.75,6.3069774388414634,0.4430225611585365,groups_010001
158,10.166666666666666,9.794065043480511,0.3726016231861528,groups_010001
160,10.75,9.447187332712232,1.3028126672877676,groups_010001
165,6.583333333333333,7.0745036849027905,-0.4911703515694574,groups_010001
166,9.25,10.45735511716808,-1.2073551171680812,groups_010001
167,11.333333333333334,10.102660804438088,1.230672528895246,groups_010001
169,6.833333333333333,11.830075702737304,-4.996742369403971,groups_010001
170,7.166666666666667,5.321556782647371,1.845109884019296,groups_010001
171,5.0,6.631616204775009,-1.631616204775009,groups_010001
172,6.25,5.810171039473901,0.439828960526099,groups_010001
173,9.833333333333334,11.380985983327626,-1.5476526499942924,groups_010001
174,12.0,11.327166413262,0.6728335867380011,groups_010001
176,11.666666666666666,11.936017182061024,-0.2693505153943594,groups_010001
178,7.5,7.59944007832914,-0.09944007832914,groups_010001
181,6.166666666666667,9.871072686728516,-3.7044060200618487,groups_010001
183,11.583333333333334,11.247096490830248,0.3362368425030873,groups_010001
185,11.0,9.37602615099879,1.62397384900121,groups_010001
186,6.0,7.759753010324253,-1.7597530103242534,groups_010001
188,9.25,6.340298554744802,2.909701445255198,groups_010001
190,5.583333333333333,9.490835144532296,-3.907501811198963,groups_010001
191,7.75,6.465561432368394,1.2844385676316064,groups_010001
192,9.583333333333334,12.682850091742964,-3.0995167584096315,groups_010001
193,7.666666666666667,7.6810367175465535,-0.0143700508798865,groups_010001
195,10.5,8.773733866787131,1.726266133212869,groups_010001
198,10.583333333333334,9.79270195520682,0.7906313781265144,groups_010001
199,5.333333333333333,7.420477785596601,-2.087144452263268,groups_010001
200,4.75,3.754109069432853,0.9958909305671472,groups_010001
201,4.083333333333333,4.30373215984942,-0.220398826516087,groups_010001
1,14.25,13.106682560444932,1.1433174395550676,groups_011000
2,15.75,15.367345655415122,0.3826543445848784,groups_011000
3,15.833333333333334,11.397881924253175,4.435451409080157,groups_011000
5,15.333333333333334,15.334043110359646,-0.0007097770263122,groups_011000
6,12.833333333333334,13.21777943124514,-0.3844460979118071,groups_011000
7,13.333333333333334,12.244192372465925,1.0891409608674092,groups_011000
8,15.333333333333334,16.61787868428253,-1.2845453509491964,groups_011000
9,13.333333333333334,14.048322251615788,-0.7149889182824545,groups_011000
12,15.416666666666666,13.038023718972251,2.378642947694414,groups_011000
13,14.083333333333334,13.86710760794815,0.2162257253851844,groups_011000
14,12.916666666666666,15.16526312369163,-2.2485964570249646,groups_011000
15,13.166666666666666,13.70374992419104,-0.5370832575243725,groups_011000
16,12.166666666666666,12.736710388428447,-0.5700437217617811,groups_011000
17,12.25,14.20661384910759,-1.9566138491075904,groups_011000
18,13.083333333333334,14.911126969078268,-1.8277936357449336,groups_011000
19,18.75,16.280314497994883,2.4696855020051167,groups_011000
21,12.0,14.536423068329418,-2.5364230683294178,groups_011000
22,15.333333333333334,12.83195599887764,2.501377334455693,groups_011000
23,18.416666666666668,13.54273814779386,4.873928518872809,groups_011000
24,15.166666666666666,13.77746341201043,1.3892032546562358,groups_011000
25,14.0,14.915495213412358,-0.915495213412358,groups_011000
26,14.583333333333334,13.88165372931886,0.7016796040144726,groups_011000
27,12.75,13.38239078934981,-0.6323907893498095,groups_011000
28,14.166666666666666,15.034788525414085,-0.8681218587474167,groups_011000
29,12.666666666666666,13.927596876922893,-1.260930210256225,groups_011000
30,12.083333333333334,13.81949557052753,-1.736162237194197,groups_011000
32,14.166666666666666,12.6792314967551,1.487435169911565,groups_011000
34,13.083333333333334,12.864158108258932,0.2191752250744016,groups_011000
36,17.166666666666668,13.954299448225203,3.2123672184414644,groups_011000
37,17.916666666666668,15.243369812411787,2.6732968542548807,groups_011000
38,14.166666666666666,12.20152860396825,1.9651380626984167,groups_011000
40,13.166666666666666,14.135572015696706,-0.96890534903004,groups_011000
41,17.833333333333332,12.918427777615475,4.914905555717857,groups_011000
43,17.583333333333332,16.311617860603434,1.2717154727298985,groups_011000
44,13.666666666666666,12.842515778488291,0.8241508881783748,groups_011000
45,16.583333333333332,15.602464363248371,0.9808689700849592,groups_011000
46,14.0,15.61999826721236,-1.6199982672123596,groups_011000
49,16.333333333333332,15.367269380338122,0.96606395299521,groups_011000
50,17.833333333333332,15.479505221190584,2.3538281121427485,groups_011000
51,14.833333333333334,17.323570766936253,-2.4902374336029194,groups_011000
52,15.833333333333334,15.527708431801852,0.3056249015314822,groups_011000
53,17.25,15.4816188499901,1.7683811500099011,groups_011000
54,17.416666666666668,16.327450895457588,1.08921577120908,groups_011000
55,16.75,16.373790190460475,0.3762098095395245,groups_011000
56,16.083333333333332,13.173764993322637,2.9095683400106953,groups_011000
58,14.75,13.326542775791228,1.4234572242087715,groups_011000
59,12.416666666666666,11.711659943801608,0.7050067228650594,groups_011000
60,14.583333333333334,14.57096866478896,0.0123646685443752,groups_011000
101,10.083333333333334,10.338710758513145,-0.2553774251798106,groups_011000
102,7.833333333333333,6.559809407908855,1.2735239254244783,groups_011000
104,5.916666666666667,8.2837328217514,-2.367066155084733,groups_011000
106,11.0,13.77286735825439,-2.7728673582543895,groups_011000
108,5.583333333333333,7.965710609127861,-2.3823772757945276,groups_011000
109,8.666666666666666,14.321783931705724,-5.655117265039058,groups_011000
110,11.416666666666666,12.151647588572542,-0.7349809219058763,groups_011000
112,4.416666666666667,4.5358461625991575,-0.1191794959324905,groups_011000
113,7.0,8.276715606018787,-1.2767156060187863,groups_011000
115,9.583333333333334,6.3730965275515645,3.2102368057817694,groups_011000
116,6.083333333333333,10.621440882174928,-4.538107548841595,groups_011000
118,8.333333333333334,8.157838506377967,0.1754948269553669,groups_011000
119,7.916666666666667,10.561001748156087,-2.6443350814894204,groups_011000
120,8.25,9.758968368637255,-1.5089683686372553,groups_011000
121,9.0,10.656548662065347,-1.6565486620653471,groups_011000
122,4.583333333333333,7.89619540025647,-3.3128620669231372,groups_011000
124,8.916666666666666,7.921621440524342,0.9950452261423236,groups_011000
125,9.333333333333334,8.924531809887345,0.4088015234459892,groups_011000
126,9.25,8.756775464976696,0.4932245350233035,groups_011000
127,11.666666666666666,14.077494662045764,-2.4108279953790976,groups_011000
129,8.333333333333334,8.22988884863048,0.1034444847028535,groups_011000
130,11.583333333333334,10.055915048290617,1.5274182850427191,groups_011000
133,8.25,6.1607973725993554,2.089202627400645,groups_011000
135,11.666666666666666,9.402924664595218,2.2637420020714476,groups_011000
137,10.416666666666666,7.136294083501123,3.2803725831655433,groups_011000
138,5.916666666666667,7.988981221789301,-2.0723145551226345,groups_011000
139,4.916666666666667,5.647416972487531,-0.7307503058208642,groups_011000
140,11.833333333333334,14.100551152829398,-2.2672178194960644,groups_011000
141,7.833333333333333,11.07498580419712,-3.241652470863788,groups_011000
142,9.916666666666666,8.608415633590164,1.3082510330765018,groups_011000
144,12.083333333333334,10.675916316435975,1.4074170168973588,groups_011000
145,4.666666666666667,6.885467593294507,-2.21880092662784,groups_011000
146,4.583333333333333,4.838683243256957,-0.2553499099236243,groups_011000
147,6.333333333333333,4.990467182459598,1.3428661508737347,groups_011000
148,12.0,13.69329964618216,-1.69329964618216,groups_011000
149,8.0,7.958957805565272,0.0410421944347279,groups_011000
150,4.166666666666667,5.559821833517135,-1.3931551668504678,groups_011000
151,10.666666666666666,10.37800896969618,0.2886576969704872,groups_011000
153,4.083333333333333,5.583003841705431,-1.4996705083720985,groups_011000
154,6.75,7.558473818675694,-0.8084738186756937,groups_011000
158,10.166666666666666,10.162459171766557,0.0042074949001111,groups_011000
160,10.75,9.363334034338347,1.386665965661651,groups_011000
165,6.583333333333333,6.026381941230561,0.5569513921027722,groups_011000
166,9.25,10.779753410847276,-1.5297534108472777,groups_011000
167,11.333333333333334,13.71973280552152,-2.3863994721881863,groups_011000
169,6.833333333333333,8.218401401702637,-1.3850680683693044,groups_011000
170,7.166666666666667,7.999808406823785,-0.8331417401571182,groups_011000
171,5.0,4.285524979748201,0.7144750202517987,groups_011000
172,6.25,5.604092993994827,0.6459070060051726,groups_011000
173,9.833333333333334,11.451880797009949,-1.6185474636766148,groups_011000
174,12.0,11.079623767864634,0.920376232135366,groups_011000
176,11.666666666666666,11.036283132081724,0.6303835345849418,groups_011000
178,7.5,6.653337883752745,0.8466621162472547,groups_011000
181,6.166666666666667,9.46157698029548,-3.2949103136288125,groups_011000
183,11.583333333333334,11.093561760535712,0.4897715727976219,groups_011000
185,11.0,8.797105723950029,2.202894276049971,groups_011000
186,6.0,7.961550980240691,-1.9615509802406912,groups_011000
188,9.25,8.024115667538135,1.225884332461865,groups_011000
190,5.583333333333333,5.580044506836046,0.003288826497287,groups_011000
191,7.75,6.947444376898537,0.8025556231014628,groups_011000
192,9.583333333333334,7.672959074988638,1.910374258344696,groups_011000
193,7.666666666666667,9.661323644294626,-1.994656977627959,groups_011000
195,10.5,8.799520943314262,1.7004790566857384,groups_011000
198,10.583333333333334,10.09138550602384,0.4919478273094935,groups_011000
199,5.333333333333333,5.223728773231617,0.1096045601017161,groups_011000
200,4.75,3.1117703447789893,1.6382296552210107,groups_011000
201,4.083333333333333,6.4171343610896505,-2.3338010277563175,groups_011000
1,14.25,14.512285897648542,-0.2622858976485425,groups_000001
2,15.75,10.91153332797598,4.838466672024019,groups_000001
3,15.833333333333334,11.203732336287615,4.629600997045717,groups_000001
5,15.333333333333334,12.473093182399774,2.86024015093356,groups_000001
6,12.833333333333334,7.547425578374514,5.28590775495882,groups_000001
7,13.333333333333334,8.028734540181226,5.304598793152108,groups_000001
8,15.333333333333334,10.88629458082737,4.447038752505964,groups_000001
9,13.333333333333334,14.501088954144894,-1.16775562081156,groups_000001
12,15.416666666666666,11.510053276621852,3.9066133900448143,groups_000001
13,14.083333333333334,15.659495650031822,-1.576162316698488,groups_000001
14,12.916666666666666,10.901138169241396,2.0155284974252705,groups_000001
15,13.166666666666666,12.81568871603755,0.3509779506291153,groups_000001
16,12.166666666666666,14.155202243373326,-1.98853557670666,groups_000001
17,12.25,10.73280496964083,1.5171950303591704,groups_000001
18,13.083333333333334,8.195582114148431,4.887751219184903,groups_000001
19,18.75,12.021438900508576,6.728561099491424,groups_000001
21,12.0,11.34635421199973,0.6536457880002704,groups_000001
22,15.333333333333334,11.052035622160652,4.281297711172682,groups_000001
23,18.416666666666668,14.370516868338996,4.046149798327672,groups_000001
24,15.166666666666666,9.881833156835956,5.28483350983071,groups_000001
25,14.0,13.008054513043897,0.9919454869561052,groups_000001
26,14.583333333333334,11.187004428521902,3.3963289048114316,groups_000001
27,12.75,13.000056334043432,-0.2500563340434318,groups_000001
28,14.166666666666666,12.83888531889936,1.3277813477673046,groups_000001
29,12.666666666666666,14.738615363520598,-2.071948696853932,groups_000001
30,12.083333333333334,9.091724381828037,2.991608951505297,groups_000001
32,14.166666666666666,15.404685126840915,-1.2380184601742492,groups_000001
34,13.083333333333334,14.762840169465829,-1.6795068361324947,groups_000001
36,17.166666666666668,12.296954039382191,4.869712627284477,groups_000001
37,17.916666666666668,13.565806416539155,4.350860250127511,groups_000001
38,14.166666666666666,12.51472121747518,1.6519454491914851,groups_000001
40,13.166666666666666,15.137558167217758,-1.970891500551092,groups_000001
41,17.833333333333332,14.32359968977552,3.509733643557812,groups_000001
43,17.583333333333332,15.633222521975709,1.950110811357625,groups_000001
44,13.666666666666666,12.76381643567216,0.902850230994506,groups_000001
45,16.583333333333332,15.637116019577917,0.9462173137554152,groups_000001
46,14.0,13.277173805974709,0.7228261940252931,groups_000001
49,16.333333333333332,13.885681785451744,2.4476515478815877,groups_000001
50,17.833333333333332,15.611006493195688,2.2223268401376437,groups_000001
51,14.833333333333334,12.4339856700534,2.3993476632799347,groups_000001
52,15.833333333333334,14.032028048608357,1.801305284724977,groups_000001
53,17.25,16.971645863174466,0.2783541368255342,groups_000001
54,17.416666666666668,13.433067204962295,3.983599461704373,groups_000001
55,16.75,15.11515079507116,1.634849204928841,groups_000001
56,16.083333333333332,11.881941170029569,4.201392163303764,groups_000001
58,14.75,12.259187073108142,2.4908129268918575,groups_000001
59,12.416666666666666,11.873055227038044,0.5436114396286218,groups_000001
60,14.583333333333334,14.174028350182436,0.4093049831508981,groups_000001
101,10.083333333333334,8.83362424136698,1.2497090919663538,groups_000001
102,7.833333333333333,8.043477406838957,-0.2101440735056234,groups_000001
104,5.916666666666667,7.499832845645596,-1.5831661789789289,groups_000001
106,11.0,11.637875031426312,-0.6378750314263133,groups_000001
108,5.583333333333333,9.908250325486422,-4.3249169921530894,groups_000001
109,8.666666666666666,7.959512359884552,0.7071543067821136,groups_000001
110,11.416666666666666,7.513843792795414,3.902822873871252,groups_000001
112,4.416666666666667,8.10121624931049,-3.6845495826438226,groups_000001
113,7.0,8.19992206382708,-1.1999220638270796,groups_000001
115,9.583333333333334,10.468929698508456,-0.8855963651751235,groups_000001
116,6.083333333333333,10.445667830762073,-4.36233449742874,groups_000001
118,8.333333333333334,9.167672058861116,-0.8343387255277808,groups_000001
119,7.916666666666667,10.539709661383744,-2.6230429947170775,groups_000001
120,8.25,8.251900566894584,-0.0019005668945837,groups_000001
121,9.0,8.730756796340955,0.2692432036590446,groups_000001
122,4.583333333333333,10.264998148621071,-5.681664815287738,groups_000001
124,8.916666666666666,14.637107053004826,-5.72044038633816,groups_000001
125,9.333333333333334,9.5997896014792,-0.2664562681458662,groups_000001
126,9.25,13.019165814657498,-3.769165814657498,groups_000001
127,11.666666666666666,10.012621281715113,1.6540453849515533,groups_000001
129,8.333333333333334,9.55375618671035,-1.2204228533770165,groups_000001
130,11.583333333333334,9.460995437270627,2.122337896062705,groups_000001
133,8.25,12.50851196204248,-4.25851196204248,groups_000001
135,11.666666666666666,11.969991907335793,-0.3033252406691265,groups_000001
137,10.416666666666666,9.837709249831384,0.5789574168352818,groups_000001
138,5.916666666666667,8.5360657053502,-2.6193990386835333,groups_000001
139,4.916666666666667,6.445410850322204,-1.5287441836555369,groups_000001
140,11.833333333333334,8.2046112266936,3.6287221066397337,groups_000001
141,7.833333333333333,7.27740454888364,0.5559287844496934,groups_000001
142,9.916666666666666,10.544434409141742,-0.6277677424750756,groups_000001
144,12.083333333333334,7.944626299624517,4.138707033708817,groups_000001
145,4.666666666666667,9.798023845596036,-5.131357178929368,groups_000001
146,4.583333333333333,12.97220973481861,-8.388876401485277,groups_000001
147,6.333333333333333,8.60890590850755,-2.275572575174217,groups_000001
148,12.0,9.184139442325614,2.8158605576743856,groups_000001
149,8.0,9.508767797561411,-1.508767797561411,groups_000001
150,4.166666666666667,8.400748636649285,-4.2340819699826175,groups_000001
151,10.666666666666666,10.00219876285768,0.6644679038089869,groups_000001
153,4.083333333333333,11.448237654815712,-7.364904321482379,groups_000001
154,6.75,9.265875673671896,-2.5158756736718946,groups_000001
158,10.166666666666666,10.189240754814977,-0.0225740881483105,groups_000001
160,10.75,9.106316339616678,1.6436836603833225,groups_000001
165,6.583333333333333,11.261644358228647,-4.678311024895314,groups_000001
166,9.25,10.247027675812555,-0.9970276758125572,groups_000001
167,11.333333333333334,6.956877347149497,4.376455986183837,groups_000001
169,6.833333333333333,13.24098025472679,-6.407646921393456,groups_000001
170,7.166666666666667,8.090444005074756,-0.9237773384080894,groups_000001
171,5.0,7.393725955267369,-2.393725955267369,groups_000001
172,6.25,7.638066330187402,-1.388066330187402,groups_000001
173,9.833333333333334,9.161983786266912,0.6713495470664217,groups_000001
174,12.0,12.170193142459285,-0.1701931424592846,groups_000001
176,11.666666666666666,11.837777673257271,-0.1711110065906051,groups_000001
178,7.5,10.050122366196367,-2.5501223661963675,groups_000001
181,6.166666666666667,11.066680946026178,-4.900014279359511,groups_000001
183,11.583333333333334,9.220253634208545,2.363079699124789,groups_000001
185,11.0,6.625762896191584,4.374237103808416,groups_000001
186,6.0,10.33360569587179,-4.333605695871791,groups_000001
188,9.25,6.847269331492545,2.4027306685074548,groups_000001
190,5.583333333333333,14.810642495859186,-9.227309162525852,groups_000001
191,7.75,9.633958822083237,-1.8839588220832368,groups_000001
192,9.583333333333334,12.669644726773411,-3.086311393440079,groups_000001
193,7.666666666666667,8.775457192676226,-1.1087905260095594,groups_000001
195,10.5,8.965902564242901,1.534097435757099,groups_000001
198,10.583333333333334,8.352881555342968,2.230451777990366,groups_000001
199,5.333333333333333,11.282213408224273,-5.94888007489094,groups_000001
200,4.75,8.854600548649973,-4.104600548649973,groups_000001
201,4.083333333333333,7.460285075426921,-3.3769517420935884,groups_000001
1,14.25,10.90902365264554,3.340976347354461,groups_010000
2,15.75,13.161936453513796,2.588063546486204,groups_010000
3,15.833333333333334,11.388008591430175,4.445324741903159,groups_010000
5,15.333333333333334,14.051455379272374,1.2818779540609595,groups_010000
6,12.833333333333334,12.070828822690371,0.7625045106429607,groups_010000
7,13.333333333333334,11.281974764260122,2.051358569073212,groups_010000
8,15.333333333333334,16.190760112076603,-0.8574267787432692,groups_010000
9,13.333333333333334,13.835901906187656,-0.5025685728543223,groups_010000
12,15.416666666666666,13.22428719518197,2.1923794714846956,groups_010000
13,14.083333333333334,12.21226477715688,1.8710685561764553,groups_010000
14,12.916666666666666,14.522278622220966,-1.6056119555543005,groups_010000
15,13.166666666666666,13.169077267811502,-0.0024106011448363,groups_010000
16,12.166666666666666,14.05117914557138,-1.884512478904714,groups_010000
17,12.25,13.82507000788046,-1.575070007880461,groups_010000
18,13.083333333333334,13.22626496895677,-0.1429316356234355,groups_010000
19,18.75,15.32072790985871,3.429272090141289,groups_010000
21,12.0,14.328116223018489,-2.3281162230184886,groups_010000
22,15.333333333333334,12.818939003723203,2.5143943296101288,groups_010000
23,18.416666666666668,11.329850095439609,7.086816571227059,groups_010000
24,15.166666666666666,14.162342618610989,1.004324048055679,groups_010000
25,14.0,14.848116364251805,-0.8481163642518048,groups_010000
26,14.583333333333334,15.567702370174583,-0.9843690368412492,groups_010000
27,12.75,12.69384197932934,0.0561580206706597,groups_010000
28,14.166666666666666,13.11879894591456,1.047867720752107,groups_010000
29,12.666666666666666,15.171856992953616,-2.50519032628695,groups_010000
30,12.083333333333334,14.915297335840584,-2.8319640025072506,groups_010000
32,14.166666666666666,11.838018383395037,2.3286482832716295,groups_010000
34,13.083333333333334,12.82441041310154,0.2589229202317948,groups_010000
36,17.166666666666668,13.459198494433812,3.707468172232856,groups_010000
37,17.916666666666668,14.44486863441752,3.471798032249147,groups_010000
38,14.166666666666666,14.566948642381528,-0.4002819757148614,groups_010000
40,13.166666666666666,13.48742884069134,-0.320762174024674,groups_010000
41,17.833333333333332,12.474754936657874,5.358578396675458,groups_010000
43,17.583333333333332,16.495161707336074,1.0881716259972585,groups_010000
44,13.666666666666666,13.034184486621896,0.6324821800447715,groups_010000
45,16.583333333333332,14.958738484162476,1.6245948491708564,groups_010000
46,14.0,13.844647471883702,0.1553525281162979,groups_010000
49,16.333333333333332,15.024083432534656,1.309249900798676,groups_010000
50,17.833333333333332,17.181082801576167,0.652250531757165,groups_010000
51,14.833333333333334,17.023260516202395,-2.189927182869061,groups_010000
52,15.833333333333334,15.017173098069568,0.8161602352637658,groups_010000
53,17.25,14.415177926726564,2.834822073273436,groups_010000
54,17.416666666666668,14.324744122872358,3.0919225437943094,groups_010000
55,16.75,14.85032315520273,1.8996768447972696,groups_010000
56,16.083333333333332,14.10032925211577,1.9830040812175616,groups_010000
58,14.75,12.919056572869907,1.8309434271300928,groups_010000
59,12.416666666666666,11.241540212830982,1.1751264538356845,groups_010000
60,14.583333333333334,13.188472054339128,1.394861278994206,groups_010000
101,10.083333333333334,10.559751244648025,-0.4764179113146891,groups_010000
102,7.833333333333333,6.6244728121132646,1.2088605212200685,groups_010000
104,5.916666666666667,10.58628422679612,-4.669617560129452,groups_010000
106,11.0,13.547541550990104,-2.547541550990104,groups_010000
108,5.583333333333333,7.696694337171998,-2.1133610038386648,groups_010000
109,8.666666666666666,15.327528703320157,-6.660862036653491,groups_010000
110,11.416666666666666,13.541688920874952,-2.125022254208286,groups_010000
112,4.416666666666667,7.0641719450015925,-2.6475052783349255,groups_010000
113,7.0,8.930787191806559,-1.930787191806559,groups_010000
115,9.583333333333334,7.144618812696365,2.438714520636969,groups_010000
116,6.083333333333333,10.981153123229776,-4.897819789896443,groups_010000
118,8.333333333333334,7.952737244284197,0.3805960890491366,groups_010000
119,7.916666666666667,11.374759936043926,-3.458093269377259,groups_010000
120,8.25,10.888381395618373,-2.6383813956183726,groups_010000
121,9.0,10.072031423420274,-1.072031423420274,groups_010000
122,4.583333333333333,7.391360545980323,-2.80802721264699,groups_010000
124,8.916666666666666,7.746155117771504,1.1705115488951616,groups_010000
125,9.333333333333334,6.927203752713865,2.406129580619469,groups_010000
126,9.25,6.923640396458173,2.3263596035418272,groups_010000
127,11.666666666666666,13.976425009943409,-2.3097583432767426,groups_010000
129,8.333333333333334,9.812730472846438,-1.4793971395131038,groups_010000
130,11.583333333333334,9.080021326012648,2.5033120073206874,groups_010000
133,8.25,4.543646386384961,3.706353613615039,groups_010000
135,11.666666666666666,10.183474329431506,1.4831923372351596,groups_010000
137,10.416666666666666,6.756702151477891,3.6599645151887743,groups_010000
138,5.916666666666667,7.410488631743172,-1.4938219650765054,groups_010000
139,4.916666666666667,6.551558552799032,-1.6348918861323654,groups_010000
140,11.833333333333334,15.121202279232564,-3.2878689458992287,groups_010000
141,7.833333333333333,10.967178150108044,-3.133844816774711,groups_010000
142,9.916666666666666,11.440885510377644,-1.5242188437109778,groups_010000
144,12.083333333333334,11.087829750102795,0.9955035832305388,groups_010000
145,4.666666666666667,5.085160890710803,-0.418494224044136,groups_010000
146,4.583333333333333,5.464629947059918,-0.881296613726585,groups_010000
147,6.333333333333333,6.038444486354488,0.2948888469788446,groups_010000
148,12.0,14.748017610609669,-2.7480176106096668,groups_010000
149,8.0,6.512554226868229,1.4874457731317712,groups_010000
150,4.166666666666667,5.212950125965634,-1.0462834592989667,groups_010000
151,10.666666666666666,11.46628268891854,-0.7996160222518753,groups_010000
153,4.083333333333333,5.6306704525732565,-1.5473371192399237,groups_010000
154,6.75,6.867616598115539,-0.1176165981155392,groups_010000
158,10.166666666666666,10.199604207858222,-0.032937541191556,groups_010000
160,10.75,10.098505687901412,0.6514943120985883,groups_010000
165,6.583333333333333,5.900409591040308,0.682923742293025,groups_010000
166,9.25,11.355394409746795,-2.105394409746797,groups_010000
167,11.333333333333334,13.300416597411456,-1.9670832640781215,groups_010000
169,6.833333333333333,9.424675654942533,-2.591342321609198,groups_010000
170,7.166666666666667,7.0755991668214495,0.0910674998452174,groups_010000
171,5.0,5.612668581058858,-0.6126685810588581,groups_010000
172,6.25,5.124333768641668,1.1256662313583323,groups_010000
173,9.833333333333334,12.34968879269126,-2.516355459357925,groups_010000
174,12.0,11.15179875187146,0.8482012481285395,groups_010000
176,11.666666666666666,10.328884385582665,1.337782281084003,groups_010000
178,7.5,7.642967814994115,-0.1429678149941144,groups_010000
181,6.166666666666667,9.45762437331309,-3.290957706646423,groups_010000
183,11.583333333333334,12.351959346408393,-0.7686260130750586,groups_010000
185,11.0,11.401515372903836,-0.4015153729038374,groups_010000
186,6.0,7.8896524892082684,-1.8896524892082684,groups_010000
188,9.25,8.766881137206072,0.483118862793928,groups_010000
190,5.583333333333333,6.914029678050826,-1.330696344717493,groups_010000
191,7.75,7.8281725065206595,-0.0781725065206595,groups_010000
192,9.583333333333334,10.083615023735444,-0.5002816904021099,groups_010000
193,7.666666666666667,8.457237310002,-0.7905706433353332,groups_010000
195,10.5,8.53286722013331,1.9671327798666896,groups_010000
198,10.583333333333334,9.754081184826807,0.8292521485065265,groups_010000
199,5.333333333333333,6.029384339999462,-0.6960510066661287,groups_010000
200,4.75,3.954168719736214,0.7958312802637861,groups_010000
201,4.083333333333333,6.774275378480953,-2.6909420451476196,groups_010000
