outer_fold,SubjectNumber,inner_cv_rmse,alpha,gamma,fit_seconds,subset_id
1,1,1.370277206320263,0.0316227766016837,0.003,2.954926041071303,groups_111111
2,2,1.3862402899705155,0.0316227766016837,0.003,0.9038372919894756,groups_111111
3,3,1.3377030979567262,0.0316227766016837,0.003,0.9083082909928636,groups_111111
4,5,1.3762056928475028,0.0316227766016837,0.003,0.8762577910674736,groups_111111
5,6,1.3829048589908768,0.0316227766016837,0.003,0.8729609589790925,groups_111111
6,7,1.3872642089145817,0.0316227766016837,0.003,0.8840087500866503,groups_111111
7,8,1.3743544095746991,0.0316227766016837,0.003,0.8765884588938206,groups_111111
8,9,1.391266373826063,0.0316227766016837,0.003,0.8926446670666337,groups_111111
9,12,1.3810488878605611,0.0316227766016837,0.003,0.8809003330534324,groups_111111
10,13,1.3831274627896404,0.0316227766016837,0.003,0.8868838750058785,groups_111111
11,14,1.3708674761520006,0.0316227766016837,0.003,0.9244134170003236,groups_111111
12,15,1.3877809203697216,0.0316227766016837,0.003,0.8899026670260355,groups_111111
13,16,1.382904720780869,0.0316227766016837,0.003,0.8829826670698822,groups_111111
14,17,1.3914356631447584,0.0316227766016837,0.003,0.8772824589395896,groups_111111
15,18,1.3913014870359393,0.0316227766016837,0.003,0.8788700000150129,groups_111111
16,19,1.394429369269756,0.0316227766016837,0.003,0.8768646660028026,groups_111111
17,21,1.371646321174021,0.0316227766016837,0.003,0.8783750000875443,groups_111111
18,22,1.370013814698306,0.01,0.003,0.8793271250324324,groups_111111
19,23,1.401814996378289,0.0316227766016837,0.003,0.872722375090234,groups_111111
20,24,1.4222479285627343,0.0316227766016837,0.003,0.8800454579759389,groups_111111
21,25,1.4155761005579128,0.0316227766016837,0.003,0.8796543749049306,groups_111111
22,26,1.4327316015074203,0.0316227766016837,0.003,0.8868192909285426,groups_111111
23,27,1.4199170619201733,0.0316227766016837,0.003,0.8822775840526447,groups_111111
24,28,1.423260303947511,0.0316227766016837,0.003,0.886150166974403,groups_111111
25,29,1.426230624211544,0.0316227766016837,0.003,0.874429416959174,groups_111111
26,30,1.4214174185835773,0.0316227766016837,0.003,0.880605083075352,groups_111111
27,32,1.4224547928633196,0.0316227766016837,0.003,0.8939918749965727,groups_111111
28,34,1.4160494726707749,0.0316227766016837,0.003,0.880753708886914,groups_111111
29,36,1.4256276762158058,0.0316227766016837,0.003,0.876676750020124,groups_111111
30,37,1.4120860883699309,0.0316227766016837,0.003,0.8777176250005141,groups_111111
31,38,1.4038990127787132,0.0316227766016837,0.003,0.8875092909438536,groups_111111
32,40,1.412688677094171,0.0316227766016837,0.003,0.9005771670490503,groups_111111
33,41,1.3836057849025616,0.0316227766016837,0.003,0.8923893329920247,groups_111111
34,43,1.4034630929779772,0.0316227766016837,0.003,0.8795789580326527,groups_111111
35,44,1.3800607213543512,0.0316227766016837,0.003,0.880538999917917,groups_111111
36,45,1.3825883429956682,0.0316227766016837,0.003,0.8718248750083148,groups_111111
37,46,1.389344163494192,0.0316227766016837,0.003,0.9048843750497326,groups_111111
38,49,1.3919234490717072,0.0316227766016837,0.003,0.8666846250416711,groups_111111
39,50,1.382694361389101,0.0316227766016837,0.003,0.8936182090546936,groups_111111
40,51,1.3815868217364078,0.0316227766016837,0.003,0.8800772500690073,groups_111111
41,52,1.3861806191834414,0.0316227766016837,0.003,0.8862080000108108,groups_111111
42,53,1.3737998535725928,0.0316227766016837,0.003,0.8899112090002745,groups_111111
43,54,1.376033154907321,0.0316227766016837,0.003,0.8855498330667615,groups_111111
44,55,1.381362170986282,0.0316227766016837,0.003,0.8843234169762582,groups_111111
45,56,1.37896539898651,0.0316227766016837,0.003,0.8819857080234215,groups_111111
46,58,1.4155021668782848,0.0316227766016837,0.003,0.8782872919691727,groups_111111
47,59,1.4146544692895082,0.0316227766016837,0.003,0.881160291028209,groups_111111
48,60,1.412312840290776,0.01,0.003,0.8899065830046311,groups_111111
49,101,1.425848203496594,0.0316227766016837,0.003,0.8798881670227274,groups_111111
50,102,1.4221663928242363,0.0316227766016837,0.003,0.8818971669534221,groups_111111
51,104,1.4609677377084034,0.01,0.001,0.8736059169750661,groups_111111
52,106,1.4553911679516582,0.0316227766016837,0.003,0.895544333034195,groups_111111
53,108,1.4421449033480065,0.0316227766016837,0.003,0.8819732080446556,groups_111111
54,109,1.4253197851458803,0.0031622776601683,0.001,0.8850632500834763,groups_111111
55,110,1.467780277335444,0.0316227766016837,0.003,0.8775302090216428,groups_111111
56,112,1.4681665508591024,0.0031622776601683,0.001,0.8790766660822555,groups_111111
57,113,1.4781825080392987,0.0316227766016837,0.003,0.8712767499964684,groups_111111
58,115,1.4560404980843968,0.0031622776601683,0.001,0.8940933749545366,groups_111111
59,116,1.4515155467934802,0.0031622776601683,0.001,0.8816047090804204,groups_111111
60,118,1.4486885717371298,0.0031622776601683,0.001,0.8815706659806892,groups_111111
61,119,1.4564382175832808,0.0031622776601683,0.001,0.8827647500438616,groups_111111
62,120,1.492849049495415,0.0316227766016837,0.003,0.8832837919471785,groups_111111
63,121,1.4781633144927118,0.0031622776601683,0.001,0.8603106670780107,groups_111111
64,122,1.4439582424924886,0.01,0.003,0.8702763749752194,groups_111111
65,124,1.462537312491795,0.01,0.003,0.9168631249340252,groups_111111
66,125,1.4656824212033712,0.01,0.003,0.8828362920321524,groups_111111
67,126,1.4601394678352049,0.01,0.003,0.8795565840555355,groups_111111
68,127,1.464818879154867,0.01,0.003,0.8798244999488816,groups_111111
69,129,1.4699839438626452,0.01,0.003,0.916771208983846,groups_111111
70,130,1.4352245433681332,0.01,0.003,0.8911067079752684,groups_111111
71,133,1.44720623784066,0.01,0.003,0.8790559170302004,groups_111111
72,135,1.4526183245624382,0.01,0.003,0.8805201660143211,groups_111111
73,137,1.4139886424292345,0.001,0.001,0.8837670420762151,groups_111111
74,138,1.481682935791876,0.001,0.001,0.8803063340019435,groups_111111
75,139,1.517545648206175,0.01,0.003,0.8816378330811858,groups_111111
76,140,1.5119459190122226,0.01,0.003,0.8936828330624849,groups_111111
77,141,1.5047870321678192,0.01,0.003,0.8848342500859872,groups_111111
78,142,1.5035490627672308,0.01,0.003,0.8938625839073211,groups_111111
79,144,1.4670668272059908,0.0316227766016837,0.003,0.8821133750025183,groups_111111
80,145,1.5349997294821491,0.0031622776601683,0.001,0.8836098329629749,groups_111111
81,146,1.5462314836024034,0.001,0.001,0.8829628329258412,groups_111111
82,147,1.548784129871836,0.01,0.003,0.8764957500388846,groups_111111
83,148,1.5207234013379003,0.001,0.001,0.904012041981332,groups_111111
84,149,1.54499736069314,0.001,0.001,0.8934553338913247,groups_111111
85,150,1.541536521587581,0.01,0.003,0.8921797920484096,groups_111111
86,151,1.5400760793154833,0.01,0.003,0.9386429160367696,groups_111111
87,153,1.5468907606967457,0.01,0.003,0.8893673329148442,groups_111111
88,154,1.5311060157685676,0.001,0.001,0.8890694999136031,groups_111111
89,158,1.5405415036161605,0.001,0.001,0.9015293340198696,groups_111111
90,160,1.549919277698833,0.01,0.003,0.8915276669431478,groups_111111
91,165,1.4962188437827943,0.001,0.001,0.8819767090026289,groups_111111
92,166,1.494788804549931,0.001,0.001,0.8857883750461042,groups_111111
93,167,1.5297551878779247,0.01,0.003,0.8971713329665363,groups_111111
94,169,1.518233338604348,0.01,0.003,0.8984798750607297,groups_111111
95,170,1.52526598721542,0.001,0.001,0.8708315419498831,groups_111111
96,171,1.524898404546904,0.01,0.003,0.8945546670584008,groups_111111
97,172,1.5266488586164793,0.01,0.003,0.8970088330097497,groups_111111
98,173,1.522258998781022,0.01,0.003,0.8924085000762716,groups_111111
99,174,1.523009800391543,0.01,0.003,0.8936297080945224,groups_111111
100,176,1.53125323503314,0.0031622776601683,0.001,0.9018195000244305,groups_111111
101,178,1.5371957257137792,0.0031622776601683,0.001,0.8910242499550804,groups_111111
102,181,1.5182044616256856,0.01,0.003,0.8974921250483021,groups_111111
103,183,1.520766733688265,0.0031622776601683,0.001,0.8889464170206338,groups_111111
104,185,1.4958906810705486,0.01,0.003,0.8967909161001444,groups_111111
105,186,1.4976863585440243,0.0031622776601683,0.001,0.8906071659876034,groups_111111
106,188,1.522248504991137,0.0031622776601683,0.001,0.9066762500442564,groups_111111
107,190,1.5125853510059728,0.0316227766016837,0.003,0.8938676250400022,groups_111111
108,191,1.5200306031597823,0.01,0.003,0.8977882079780102,groups_111111
109,192,1.5167457896647272,0.01,0.003,0.891405374975875,groups_111111
110,193,1.5144479980931749,0.0031622776601683,0.001,0.8900977920275182,groups_111111
111,195,1.516611684247314,0.0031622776601683,0.001,0.8810023749247193,groups_111111
112,198,1.5115560853108634,0.0031622776601683,0.001,0.8993583339033648,groups_111111
113,199,1.5036435782229158,0.0031622776601683,0.001,0.882264457992278,groups_111111
114,200,1.513530420817637,0.01,0.003,0.9050221249926836,groups_111111
115,201,1.5208768576145637,0.01,0.003,0.8997819579672068,groups_111111
1,1,1.365636784175449,0.01,0.003,0.8954301250632852,groups_011111
2,2,1.3820021134986058,0.01,0.003,0.9008119999198244,groups_011111
3,3,1.342597654915552,0.01,0.003,0.8935014170128852,groups_011111
4,5,1.3617958079872108,0.01,0.003,0.8950740420259535,groups_011111
5,6,1.3750012362693995,0.01,0.003,0.9261840420076624,groups_011111
6,7,1.3744109823673158,0.01,0.003,0.893261417048052,groups_011111
7,8,1.3659999902862958,0.01,0.003,0.9138244580244644,groups_011111
8,9,1.3850481173333062,0.01,0.003,0.8963538750540465,groups_011111
9,12,1.3753495667226787,0.01,0.003,0.8919971249997616,groups_011111
10,13,1.3746863919572885,0.01,0.003,0.9069250840693712,groups_011111
11,14,1.3715551877827648,0.01,0.003,0.9059413749491796,groups_011111
12,15,1.3798831009369203,0.01,0.003,0.9183501660590992,groups_011111
13,16,1.3768187167301138,0.01,0.003,0.897484166896902,groups_011111
14,17,1.3906682390855911,0.01,0.003,0.8934368329355493,groups_011111
15,18,1.3915001372164342,0.01,0.003,0.906101124943234,groups_011111
16,19,1.3909134133324343,0.01,0.003,0.9078559579793364,groups_011111
17,21,1.3729000457850435,0.0316227766016837,0.01,0.902128291898407,groups_011111
18,22,1.3575469177642403,0.01,0.003,0.9005792499519885,groups_011111
19,23,1.3900149789596503,0.01,0.003,0.9211768339155242,groups_011111
20,24,1.4113193189294422,0.01,0.003,0.8999204579740763,groups_011111
21,25,1.401730257790487,0.01,0.003,0.905095416936092,groups_011111
22,26,1.4222576229110908,0.01,0.003,0.8976276250323281,groups_011111
23,27,1.4119118169981786,0.01,0.003,0.8912439170526341,groups_011111
24,28,1.4136236701450602,0.01,0.003,0.8997645840281621,groups_011111
25,29,1.4147897639117153,0.01,0.003,0.904999167076312,groups_011111
26,30,1.4119580416160271,0.01,0.003,0.9048574169864878,groups_011111
27,32,1.411732204732303,0.01,0.003,0.9358152919448912,groups_011111
28,34,1.405730711303637,0.01,0.003,0.8984800420003012,groups_011111
29,36,1.416691761262066,0.01,0.003,0.8997392089804634,groups_011111
30,37,1.4068662004655168,0.01,0.003,0.9005248330067843,groups_011111
31,38,1.397641378518782,0.01,0.003,0.91798662499059,groups_011111
32,40,1.414021932503528,0.01,0.003,0.9106637090444564,groups_011111
33,41,1.372157108446617,0.01,0.003,0.8979436249937862,groups_011111
34,43,1.393676188125471,0.01,0.003,0.9067699579754844,groups_011111
35,44,1.3712249105544954,0.01,0.003,0.8937579999910668,groups_011111
36,45,1.3746795744481166,0.01,0.003,0.906015416025184,groups_011111
37,46,1.3850858954387646,0.01,0.003,0.9125727089121938,groups_011111
38,49,1.3810714580339054,0.01,0.003,0.9081069579115136,groups_011111
39,50,1.371272993026674,0.01,0.003,0.8992780420230702,groups_011111
40,51,1.3758924061275128,0.01,0.003,0.8938612500205636,groups_011111
41,52,1.384934077859003,0.01,0.003,0.9068793751066552,groups_011111
42,53,1.3510682086289665,0.01,0.003,0.8915380409453064,groups_011111
43,54,1.3746878527116526,0.01,0.003,0.9156849170103668,groups_011111
44,55,1.3791280116138462,0.01,0.003,0.91466970811598,groups_011111
45,56,1.3727945922276257,0.01,0.003,0.8960580839775503,groups_011111
46,58,1.3979525315141257,0.01,0.003,0.9129602910252288,groups_011111
47,59,1.402678506875925,0.01,0.003,0.9063603749964386,groups_011111
48,60,1.3951607842382932,0.01,0.003,0.8955749169690534,groups_011111
49,101,1.4112659038443511,0.01,0.003,0.9541269580367951,groups_011111
50,102,1.421674270125764,0.01,0.003,0.9010884170420468,groups_011111
51,104,1.4643529815761631,0.0031622776601683,0.001,0.9084529579849914,groups_011111
52,106,1.463884332387395,0.01,0.003,0.907511832891032,groups_011111
53,108,1.4415758990526284,0.0031622776601683,0.001,0.9081828339258208,groups_011111
54,109,1.4246524224968755,0.0031622776601683,0.001,0.9183139170054346,groups_011111
55,110,1.4677393555030325,0.01,0.003,0.9104802079964428,groups_011111
56,112,1.4682201704629254,0.01,0.003,0.917368458933197,groups_011111
57,113,1.4764469278465198,0.01,0.003,0.907465707976371,groups_011111
58,115,1.4491735188022512,0.01,0.003,0.91103254200425,groups_011111
59,116,1.4293933734385775,0.01,0.003,0.9174364999635144,groups_011111
60,118,1.4342942518954642,0.01,0.003,0.9095060840481892,groups_011111
61,119,1.443117341029542,0.01,0.003,0.9028290000278504,groups_011111
62,120,1.4848459411722768,0.01,0.003,0.9171712909592316,groups_011111
63,121,1.4721671254254016,0.01,0.003,0.8969692499376833,groups_011111
64,122,1.421462768653485,0.01,0.003,0.8987669580383226,groups_011111
65,124,1.456464007853224,0.01,0.003,0.8992222500964999,groups_011111
66,125,1.4561686099464957,0.01,0.003,0.9078723749844356,groups_011111
67,126,1.4498442555664754,0.01,0.003,0.8983586250105873,groups_011111
68,127,1.4558674183842155,0.01,0.003,0.8985342090018094,groups_011111
69,129,1.458768725527695,0.01,0.003,0.9037374159088358,groups_011111
70,130,1.4283130222387477,0.01,0.003,0.9074247090611608,groups_011111
71,133,1.4437527616067547,0.01,0.003,0.9421857499983162,groups_011111
72,135,1.4452398933596833,0.01,0.003,0.9096199170453474,groups_011111
73,137,1.4121591649266556,0.001,0.001,0.915242167073302,groups_011111
74,138,1.4741579367730453,0.001,0.001,0.912039874936454,groups_011111
75,139,1.513765698746818,0.01,0.003,0.915637083002366,groups_011111
76,140,1.5103274781844085,0.01,0.003,0.9176433749962598,groups_011111
77,141,1.5019243494349297,0.01,0.003,0.914379374939017,groups_011111
78,142,1.4978046486146783,0.01,0.003,0.9171770840184764,groups_011111
79,144,1.4859779349255686,0.01,0.003,0.9120846670120956,groups_011111
80,145,1.49878966947849,0.01,0.003,0.9158422909677028,groups_011111
81,146,1.5143381684231485,0.01,0.003,0.9183998750522732,groups_011111
82,147,1.5092341006398633,0.0316227766016837,0.01,0.9244822920300066,groups_011111
83,148,1.489863060418271,0.001,0.001,0.915241959039122,groups_011111
84,149,1.5062882663512982,0.01,0.003,0.9047311249887572,groups_011111
85,150,1.5055935852322992,0.01,0.003,0.907732916995883,groups_011111
86,151,1.507301269353877,0.01,0.003,0.9082409580005332,groups_011111
87,153,1.510905249145157,0.0316227766016837,0.01,0.9159466249402612,groups_011111
88,154,1.501693971403775,0.001,0.001,0.9112352500669658,groups_011111
89,158,1.5079260104947438,0.001,0.001,0.9112214170163496,groups_011111
90,160,1.5218484389734772,0.01,0.003,0.907873582909815,groups_011111
91,165,1.464525019366177,0.0031622776601683,0.003,0.915947249974124,groups_011111
92,166,1.463309377497104,0.0031622776601683,0.003,0.963490084046498,groups_011111
93,167,1.494741725864832,0.0031622776601683,0.003,0.9198849579552189,groups_011111
94,169,1.4860044467364038,0.01,0.003,0.9142411249922588,groups_011111
95,170,1.4899235750032198,0.01,0.003,0.9373652080539614,groups_011111
96,171,1.486371922786659,0.01,0.003,0.9158146670088172,groups_011111
97,172,1.487220462027664,0.01,0.003,0.9154173749266192,groups_011111
98,173,1.4837782508938702,0.01,0.003,0.9264788329601288,groups_011111
99,174,1.48860173767379,0.01,0.003,0.91328999993857,groups_011111
100,176,1.495652449568586,0.01,0.003,0.9068055000388996,groups_011111
101,178,1.4993359510916322,0.01,0.003,0.92504674999509,groups_011111
102,181,1.4745756409844175,0.01,0.003,0.9026760830311104,groups_011111
103,183,1.4791348395626682,0.01,0.003,0.9016509579960256,groups_011111
104,185,1.4577551481295068,0.01,0.003,0.9127937089651824,groups_011111
105,186,1.4653041383587435,0.0031622776601683,0.001,0.917664665961638,groups_011111
106,188,1.477160036504556,0.0031622776601683,0.001,0.9164883330231532,groups_011111
107,190,1.476185503109663,0.01,0.003,0.9162827079417184,groups_011111
108,191,1.485756918354167,0.01,0.003,0.9061621249420568,groups_011111
109,192,1.4818463211480766,0.01,0.003,0.914318082970567,groups_011111
110,193,1.483844593910644,0.0031622776601683,0.001,0.9060967499390244,groups_011111
111,195,1.4868748114128008,0.0031622776601683,0.001,0.9098815419711171,groups_011111
112,198,1.4801969117934053,0.01,0.003,0.9067005830584094,groups_011111
113,199,1.4695035292263614,0.0031622776601683,0.001,0.9181095829699188,groups_011111
114,200,1.4756428635747796,0.01,0.003,0.912599042057991,groups_011111
115,201,1.4813324503367378,0.01,0.003,0.9594395409803838,groups_011111
1,1,1.3860294246099625,0.1,0.01,0.8775510839186609,groups_101111
2,2,1.4030175536991192,0.1,0.01,0.9003600840223953,groups_101111
3,3,1.3186611153215384,0.01,0.003,0.8769044169457629,groups_101111
4,5,1.392130334007452,0.1,0.01,0.8896781670628116,groups_101111
5,6,1.3929125330250558,0.1,0.01,0.8875430000480264,groups_101111
6,7,1.4020241885226,0.0316227766016837,0.01,0.890427750069648,groups_101111
7,8,1.38922202439004,0.1,0.01,0.8953007500385866,groups_101111
8,9,1.4053375479313237,0.1,0.01,0.8866229170234874,groups_101111
9,12,1.4263238466620396,0.1,0.01,0.8886484589893371,groups_101111
10,13,1.4057889998443267,0.1,0.01,0.8957184170139953,groups_101111
11,14,1.3937068038748792,0.1,0.01,0.8860409579938278,groups_101111
12,15,1.4162667278688204,0.1,0.01,0.8855525000253692,groups_101111
13,16,1.4116039063610724,0.1,0.01,0.8964927910128608,groups_101111
14,17,1.415986709132026,0.1,0.01,0.8866569999372587,groups_101111
15,18,1.4063616467905302,0.1,0.01,0.8783135000849143,groups_101111
16,19,1.4146299585712467,0.1,0.01,0.8900612499564886,groups_101111
17,21,1.3937890045967598,0.1,0.01,0.8907182919792831,groups_101111
18,22,1.3726690761108442,0.0316227766016837,0.01,0.8917760000331327,groups_101111
19,23,1.4292538759896525,0.1,0.01,0.8930167920188978,groups_101111
20,24,1.4251489536039654,0.1,0.01,0.8848706670105457,groups_101111
21,25,1.4237930477249614,0.1,0.01,0.920554416021332,groups_101111
22,26,1.4364518024402564,0.1,0.01,0.8884487500181422,groups_101111
23,27,1.432663729107408,0.1,0.01,0.891953416983597,groups_101111
24,28,1.4393136436316227,0.1,0.01,0.884590334026143,groups_101111
25,29,1.4374067873994705,0.01,0.003,0.8923344169743359,groups_101111
26,30,1.436131609984792,0.1,0.01,0.8892453339649364,groups_101111
27,32,1.4389347466057507,0.1,0.01,0.8928951249690726,groups_101111
28,34,1.4215033501025538,0.1,0.01,0.8958292080787942,groups_101111
29,36,1.4316894214150258,0.1,0.01,0.8812932909931988,groups_101111
30,37,1.4247479278080797,0.1,0.01,0.892177207977511,groups_101111
31,38,1.416407075995052,0.1,0.01,0.8925598330097273,groups_101111
32,40,1.4249000215346304,0.1,0.01,0.8992340830154717,groups_101111
33,41,1.4133209773981288,0.1,0.01,0.884538417099975,groups_101111
34,43,1.4256740538445811,0.1,0.01,0.8804737919708714,groups_101111
35,44,1.3983819234664834,0.01,0.003,0.8933248750399798,groups_101111
36,45,1.4209820225658556,0.1,0.01,0.9113970829639584,groups_101111
37,46,1.4211000523423272,0.1,0.01,0.8945232920814306,groups_101111
38,49,1.416737093300718,0.01,0.003,0.8946173749864101,groups_101111
39,50,1.4216769921535042,0.01,0.003,0.8899582079611719,groups_101111
40,51,1.4187915646419471,0.01,0.003,0.8918430000776425,groups_101111
41,52,1.4280278962855697,0.1,0.01,0.8893814580515027,groups_101111
42,53,1.4208630656323311,0.1,0.01,0.8851752080954611,groups_101111
43,54,1.419475248779719,0.1,0.01,0.8952440830180421,groups_101111
44,55,1.4298985411183942,0.1,0.01,0.9209332499885932,groups_101111
45,56,1.431565474645762,0.1,0.01,0.8953089590650052,groups_101111
46,58,1.471429377113845,0.1,0.01,0.8967823750572279,groups_101111
47,59,1.4672958488486705,0.1,0.01,0.904985083034262,groups_101111
48,60,1.468519773413092,0.1,0.01,0.8987537089269608,groups_101111
49,101,1.48009790063819,0.1,0.01,0.8815805839840323,groups_101111
50,102,1.4670744860850709,0.1,0.01,0.8871799160260707,groups_101111
51,104,1.4755532081245553,0.0316227766016837,0.003,0.8875515420222655,groups_101111
52,106,1.4753723500819458,0.1,0.01,0.8868829580023885,groups_101111
53,108,1.462745965567394,0.1,0.01,0.884303958970122,groups_101111
54,109,1.4583669667900738,0.1,0.01,0.8896493329666555,groups_101111
55,110,1.4667694029433678,0.1,0.01,0.8912350420141593,groups_101111
56,112,1.4727175844707696,0.1,0.01,0.8902666249778122,groups_101111
57,113,1.4917027427762597,0.1,0.01,0.8957707080990076,groups_101111
58,115,1.4786579674149722,0.1,0.01,0.8909285410773009,groups_101111
59,116,1.482789458636256,0.1,0.01,0.8880220829742029,groups_101111
60,118,1.4724311585528156,0.1,0.01,0.8986425830516964,groups_101111
61,119,1.483907464878739,0.1,0.01,0.9272437499603255,groups_101111
62,120,1.4939878635444783,0.1,0.01,0.8990522910607979,groups_101111
63,121,1.4960489486024462,0.1,0.01,0.8867240409599617,groups_101111
64,122,1.4776259176453608,0.1,0.01,0.8823698750929907,groups_101111
65,124,1.481417692115227,0.1,0.01,0.8897951249964535,groups_101111
66,125,1.496173758603923,0.1,0.01,0.91845929203555,groups_101111
67,126,1.4703468072259929,0.1,0.01,0.9068666669772938,groups_101111
68,127,1.4815830429816703,0.1,0.01,0.8965690420009196,groups_101111
69,129,1.4834005758291398,0.1,0.01,0.9030838329344988,groups_101111
70,130,1.4654456002242198,0.1,0.01,0.8866077909478918,groups_101111
71,133,1.470897627908565,0.01,0.003,0.895585208083503,groups_101111
72,135,1.4679728050455525,0.1,0.01,0.8993987910216674,groups_101111
73,137,1.4434298737819935,0.01,0.003,0.934886584058404,groups_101111
74,138,1.4623920373010668,0.01,0.003,0.8956050840206444,groups_101111
75,139,1.4962378626342607,0.1,0.01,0.8983010419178754,groups_101111
76,140,1.4930051990609563,0.1,0.01,0.8924187500961125,groups_101111
77,141,1.4887903564431224,0.1,0.01,1.051359000033699,groups_101111
78,142,1.4942972031993569,0.1,0.01,1.2278817920014262,groups_101111
79,144,1.4118497385054327,0.1,0.01,1.075380333000794,groups_101111
80,145,1.484510842833329,0.1,0.01,0.9589815000072122,groups_101111
81,146,1.5302558682664482,0.1,0.01,0.9836261250311508,groups_101111
82,147,1.5417240159728094,0.1,0.01,1.0628312909975648,groups_101111
83,148,1.5093410728397751,0.1,0.01,1.0056844999780878,groups_101111
84,149,1.532104778800015,0.1,0.01,0.988434624974616,groups_101111
85,150,1.515778122367152,0.1,0.01,0.911560333915986,groups_101111
86,151,1.5178149852642826,0.1,0.01,0.9875700840493664,groups_101111
87,153,1.5196876496333984,0.1,0.01,0.921302167000249,groups_101111
88,154,1.5148379952330515,0.01,0.003,1.005259459023364,groups_101111
89,158,1.5297355377451316,0.1,0.01,0.9500354169867932,groups_101111
90,160,1.53213402762647,0.1,0.01,0.9158507919637486,groups_101111
91,165,1.4822223222557895,0.01,0.003,1.1695760829607025,groups_101111
92,166,1.5030353670536665,0.01,0.003,1.0090532500762492,groups_101111
93,167,1.5158104886156694,0.01,0.003,0.995329459081404,groups_101111
94,169,1.5267138229252426,0.01,0.003,1.071636207983829,groups_101111
95,170,1.524222179216161,0.01,0.003,1.0424572910415009,groups_101111
96,171,1.524205232310716,0.01,0.003,0.9937391249695792,groups_101111
97,172,1.523300982668803,0.01,0.003,0.9760924169095232,groups_101111
98,173,1.5204342803891255,0.01,0.003,0.95895129092969,groups_101111
99,174,1.5105939366438026,0.01,0.003,1.010404207976535,groups_101111
100,176,1.5236436637318351,0.01,0.003,0.9579270420363172,groups_101111
101,178,1.5342206674928012,0.01,0.003,0.9415640420047566,groups_101111
102,181,1.5229913824478996,0.01,0.003,0.9570991250220686,groups_101111
103,183,1.5280539727781448,0.01,0.003,1.0056121670641005,groups_101111
104,185,1.492127944313228,0.01,0.003,0.9564981670118868,groups_101111
105,186,1.5354098430516403,0.01,0.003,0.9599452090915293,groups_101111
106,188,1.5584252068660391,0.01,0.003,0.9546187910018488,groups_101111
107,190,1.530532618782982,0.01,0.003,0.9502649580826984,groups_101111
108,191,1.5424911244614514,0.01,0.003,1.0078495839843526,groups_101111
109,192,1.532735161045265,0.01,0.003,0.9620586250675842,groups_101111
110,193,1.5483127043322351,0.01,0.003,1.0112799589987844,groups_101111
111,195,1.5358642879870363,0.01,0.003,0.939746042015031,groups_101111
112,198,1.5349956559643982,0.01,0.003,0.9407095829956234,groups_101111
113,199,1.5426514403975813,0.01,0.003,1.1378982920432463,groups_101111
114,200,1.5524832890971518,0.01,0.003,0.9349340830231084,groups_101111
115,201,1.5440573166914526,0.01,0.003,1.0030291670700535,groups_101111
1,1,1.5011097124869022,0.0316227766016837,0.003,0.9435205840272828,groups_110111
2,2,1.502720535458081,0.0316227766016837,0.003,0.9351658340310678,groups_110111
3,3,1.486160116821924,0.0316227766016837,0.003,1.022035124944523,groups_110111
4,5,1.50413363038079,0.0316227766016837,0.003,0.9976878750603646,groups_110111
5,6,1.5098163747900069,0.0316227766016837,0.003,0.9306151670170948,groups_110111
6,7,1.5076902353766295,0.0316227766016837,0.003,0.9530332080321386,groups_110111
7,8,1.4946137837527895,0.0316227766016837,0.003,1.0424645419698209,groups_110111
8,9,1.5271757472169372,0.0316227766016837,0.003,0.9432787080295384,groups_110111
9,12,1.5216444503040985,0.0316227766016837,0.003,0.9223116670036688,groups_110111
10,13,1.5154007169977164,0.0316227766016837,0.003,0.9277236660709604,groups_110111
11,14,1.5175012753806425,0.0316227766016837,0.003,0.9836477920180188,groups_110111
12,15,1.5328707805880406,0.0316227766016837,0.003,1.0653632080648094,groups_110111
13,16,1.501591284727114,0.0316227766016837,0.003,1.1040894159814345,groups_110111
14,17,1.5297000592971204,0.0316227766016837,0.003,0.9747971660690382,groups_110111
15,18,1.5256647063034223,0.0316227766016837,0.003,1.0095477079739794,groups_110111
16,19,1.525929471365855,0.0316227766016837,0.003,1.0212491669226438,groups_110111
17,21,1.5084371939315566,0.0316227766016837,0.003,0.9877874589292333,groups_110111
18,22,1.5127203497269714,0.0316227766016837,0.003,0.9867754169972612,groups_110111
19,23,1.538956823726782,0.0316227766016837,0.003,1.1141383749200031,groups_110111
20,24,1.5609530970808083,0.0316227766016837,0.003,0.9424069999950008,groups_110111
21,25,1.5522247681968522,0.0316227766016837,0.003,0.938547124969773,groups_110111
22,26,1.563178999059382,0.0316227766016837,0.003,0.9853641660884024,groups_110111
23,27,1.5612847563354513,0.0316227766016837,0.003,0.9488993749255314,groups_110111
24,28,1.557593185245695,0.0316227766016837,0.003,0.9706164579838514,groups_110111
25,29,1.5595019090093938,0.0316227766016837,0.003,0.9451757080387324,groups_110111
26,30,1.554069699981227,0.0316227766016837,0.003,0.973758792039007,groups_110111
27,32,1.5572541210291535,0.0316227766016837,0.003,0.957123790984042,groups_110111
28,34,1.5408467726127293,0.0316227766016837,0.003,0.9595889589982108,groups_110111
29,36,1.552355884864314,0.0316227766016837,0.003,0.9349425829714164,groups_110111
30,37,1.5377989950601076,0.0316227766016837,0.003,0.9846573750255628,groups_110111
31,38,1.5153019422808494,0.0316227766016837,0.003,0.9369013339746745,groups_110111
32,40,1.5466291305999105,0.0316227766016837,0.003,1.0286416669841856,groups_110111
33,41,1.5259711938884044,0.0316227766016837,0.003,1.032226833049208,groups_110111
34,43,1.5373790556744984,0.01,0.001,1.021213166997768,groups_110111
35,44,1.5005041325264052,0.0316227766016837,0.003,0.9438908339943736,groups_110111
36,45,1.5155174820653508,0.0316227766016837,0.003,0.942790083005093,groups_110111
37,46,1.5199083763903574,0.0316227766016837,0.003,0.9476286249700934,groups_110111
38,49,1.5205260639538176,0.01,0.001,0.9827869170112536,groups_110111
39,50,1.5115791711459432,0.0316227766016837,0.003,0.9185585000086576,groups_110111
40,51,1.51093250541239,0.0031622776601683,0.0003,0.9356656250311062,groups_110111
41,52,1.5112391932118865,0.0316227766016837,0.003,0.9404696670826524,groups_110111
42,53,1.4974891122495333,0.0316227766016837,0.003,1.016820750082843,groups_110111
43,54,1.4932402036698529,0.01,0.001,0.9657498750602826,groups_110111
44,55,1.506416911488451,0.0316227766016837,0.003,0.942067209049128,groups_110111
45,56,1.5038824723278057,0.0031622776601683,0.0003,0.9202176659600808,groups_110111
46,58,1.5193065549282718,0.0031622776601683,0.0003,0.9354942078934982,groups_110111
47,59,1.5224380438116565,0.0031622776601683,0.0003,0.937514916062355,groups_110111
48,60,1.521852351048142,0.0031622776601683,0.0003,0.948144542053342,groups_110111
49,101,1.526193182175038,0.0031622776601683,0.0003,0.9946252499939874,groups_110111
50,102,1.4910261163586829,0.0031622776601683,0.0003,0.9697174170287326,groups_110111
51,104,1.539606070663847,0.0031622776601683,0.0003,0.920944207930006,groups_110111
52,106,1.5342651206964872,0.0031622776601683,0.0003,0.9365177090512588,groups_110111
53,108,1.5276847915233032,0.0031622776601683,0.0003,0.93430383305531,groups_110111
54,109,1.5089546061014454,0.0031622776601683,0.0003,0.937935124966316,groups_110111
55,110,1.5386440650732436,0.0031622776601683,0.0003,0.9691177910426632,groups_110111
56,112,1.5356614272577302,0.0031622776601683,0.0003,0.9426354999886826,groups_110111
57,113,1.547573787273986,0.0031622776601683,0.0003,0.9368253330467268,groups_110111
58,115,1.5336116468462313,0.0031622776601683,0.0003,1.0381418329197911,groups_110111
59,116,1.5449651229902843,0.0031622776601683,0.0003,0.9697272500488908,groups_110111
60,118,1.532088647445056,0.0031622776601683,0.0003,0.9313726250547916,groups_110111
61,119,1.5437372313335538,0.0031622776601683,0.0003,0.968505374970846,groups_110111
62,120,1.568908196359828,0.0031622776601683,0.0003,0.9219888750230892,groups_110111
63,121,1.570473355530246,0.0031622776601683,0.0003,0.9191842080326752,groups_110111
64,122,1.54990554933265,0.0031622776601683,0.0003,0.9210149169666692,groups_110111
65,124,1.569609531362664,0.0031622776601683,0.0003,0.9266060000518336,groups_110111
66,125,1.5569826096282957,0.0031622776601683,0.0003,0.9293270830530672,groups_110111
67,126,1.5754785122620998,0.0031622776601683,0.0003,0.9275972499744968,groups_110111
68,127,1.568293218745415,0.0031622776601683,0.0003,0.9351374580292032,groups_110111
69,129,1.5738918637333126,0.0031622776601683,0.0003,0.9992906249826774,groups_110111
70,130,1.550869379503176,0.0031622776601683,0.0003,0.9305118339834736,groups_110111
71,133,1.5494418625837734,0.0031622776601683,0.0003,0.9671762910438702,groups_110111
72,135,1.5619625731695288,0.0031622776601683,0.0003,0.9532813329715282,groups_110111
73,137,1.5763527581831862,0.0031622776601683,0.0003,1.0149788749404252,groups_110111
74,138,1.611224924163953,0.01,0.0003,0.9594309160020202,groups_110111
75,139,1.626839728185613,0.01,0.0003,0.943152082967572,groups_110111
76,140,1.6134062109124985,0.01,0.0003,0.9439044999890028,groups_110111
77,141,1.6098314443185386,0.01,0.0003,0.9391179999802262,groups_110111
78,142,1.6146274671283605,0.0031622776601683,0.0003,0.9339425419457256,groups_110111
79,144,1.550201148730313,0.01,0.0003,0.9322449170285836,groups_110111
80,145,1.6403302369251391,0.01,0.0003,0.9382920420030132,groups_110111
81,146,1.6345592128513586,0.01,0.0003,0.998667582985945,groups_110111
82,147,1.6389832748826552,0.01,0.0003,1.0121190829668194,groups_110111
83,148,1.6342160725449562,0.01,0.0003,0.9699035830562934,groups_110111
84,149,1.6378167571098745,0.01,0.0003,1.036925624939613,groups_110111
85,150,1.635254916669484,0.01,0.0003,0.9902029170189052,groups_110111
86,151,1.6361850928188688,0.01,0.0003,0.950615291018039,groups_110111
87,153,1.641475981701968,0.01,0.0003,0.9403952501015738,groups_110111
88,154,1.650122427386837,0.01,0.0003,0.9613313749432564,groups_110111
89,158,1.6473168559311318,0.01,0.0003,0.9444935420760884,groups_110111
90,160,1.64500820333765,0.01,0.0003,0.9488940829178318,groups_110111
91,165,1.6449926356771367,0.01,0.0003,0.9349692920222878,groups_110111
92,166,1.637519585573208,0.01,0.0003,0.947193583007902,groups_110111
93,167,1.6415080904463633,0.01,0.0003,0.9509684579679742,groups_110111
94,169,1.6197291362983663,0.0316227766016837,0.001,0.9478423750260844,groups_110111
95,170,1.6398055448272644,0.01,0.0003,0.9370975829660892,groups_110111
96,171,1.643297223881454,0.01,0.0003,0.958619791083038,groups_110111
97,172,1.640429771207954,0.01,0.0003,0.94928025000263,groups_110111
98,173,1.6376152722385025,0.01,0.0003,0.949024667032063,groups_110111
99,174,1.6359316978973228,0.01,0.0003,0.9375379999401048,groups_110111
100,176,1.6419223048193408,0.01,0.0003,0.9234811670612544,groups_110111
101,178,1.6462453715659142,0.01,0.0003,0.9370211249915884,groups_110111
102,181,1.635171281664953,0.01,0.0003,0.9297487910371274,groups_110111
103,183,1.6358834282966377,0.01,0.0003,0.943290084018372,groups_110111
104,185,1.6270435257997702,0.01,0.0003,0.9896820409921928,groups_110111
105,186,1.615873374705175,0.01,0.0003,0.9595976659329608,groups_110111
106,188,1.6242007769078397,0.01,0.0003,0.93301258306019,groups_110111
107,190,1.6043578020366684,0.01,0.0003,0.958298541023396,groups_110111
108,191,1.6291131231498366,0.01,0.0003,0.9378875000402332,groups_110111
109,192,1.622452618362863,0.01,0.0003,0.9486372089013456,groups_110111
110,193,1.6314438638035296,0.01,0.0003,1.006953625008464,groups_110111
111,195,1.6372551228894312,0.01,0.0003,0.9457188340602444,groups_110111
112,198,1.6307407006615628,0.01,0.0003,0.937356083886698,groups_110111
113,199,1.6170805946387188,0.01,0.0003,0.924599749967456,groups_110111
114,200,1.636197734775274,0.01,0.0003,0.9332743339473382,groups_110111
115,201,1.6395466236436806,0.01,0.0003,0.9837892919313164,groups_110111
1,1,1.4372229484489043,0.0316227766016837,0.003,0.9708347079576924,groups_111011
2,2,1.4548815080444533,0.0316227766016837,0.003,0.946428291965276,groups_111011
3,3,1.4005893499223918,0.0316227766016837,0.003,0.9319304999662564,groups_111011
4,5,1.4600502060799665,0.0316227766016837,0.003,0.933961333008483,groups_111011
5,6,1.4602127081927878,0.0316227766016837,0.003,0.937218000064604,groups_111011
6,7,1.458881710288158,0.0316227766016837,0.003,0.9455357089173048,groups_111011
7,8,1.4543516579703204,0.0316227766016837,0.003,0.9972092499956487,groups_111011
8,9,1.460369382559816,0.0316227766016837,0.003,0.9304115419508888,groups_111011
9,12,1.4612825031869865,0.0316227766016837,0.003,0.9608470000093804,groups_111011
10,13,1.4420598115097678,0.0316227766016837,0.003,0.9569610410835594,groups_111011
11,14,1.4456535441906622,0.0316227766016837,0.003,0.9750582500128075,groups_111011
12,15,1.445418413646856,0.0316227766016837,0.003,0.9781376670580356,groups_111011
13,16,1.4533589171917118,0.0316227766016837,0.003,0.9200698749627918,groups_111011
14,17,1.4505088808257152,0.0316227766016837,0.003,0.9337807500269264,groups_111011
15,18,1.4599355779861567,0.0316227766016837,0.003,0.9336200000252576,groups_111011
16,19,1.4582299531344165,0.0316227766016837,0.003,0.9422229171032086,groups_111011
17,21,1.469311257730561,0.0316227766016837,0.003,0.948473333963193,groups_111011
18,22,1.4546111014613647,0.0316227766016837,0.003,0.9685386249329896,groups_111011
19,23,1.4446276684222057,0.0031622776601683,0.001,0.9330767919309436,groups_111011
20,24,1.501326410470201,0.01,0.001,0.9331199589651078,groups_111011
21,25,1.496691144701073,0.01,0.001,0.9354436669964344,groups_111011
22,26,1.4995002997183118,0.01,0.001,0.9568507919320836,groups_111011
23,27,1.4926569907205531,0.01,0.001,0.9348665419965982,groups_111011
24,28,1.487631858473803,0.0316227766016837,0.003,0.923145500011742,groups_111011
25,29,1.4902657079264778,0.01,0.001,0.9503118329448624,groups_111011
26,30,1.4921990322574992,0.01,0.001,0.946441083913669,groups_111011
27,32,1.4916719452730287,0.01,0.001,0.945621541934088,groups_111011
28,34,1.4876857864661956,0.0316227766016837,0.003,0.9392260409658776,groups_111011
29,36,1.5015853206324332,0.01,0.001,0.9415068750968204,groups_111011
30,37,1.4960971505451797,0.01,0.001,0.9426634160336108,groups_111011
31,38,1.4963437397033548,0.0316227766016837,0.003,0.9638004580046982,groups_111011
32,40,1.4991173723073268,0.0316227766016837,0.003,0.9529962090309708,groups_111011
33,41,1.4797814091869863,0.0316227766016837,0.003,0.943055082927458,groups_111011
34,43,1.4978298780403885,0.01,0.001,1.002775458036922,groups_111011
35,44,1.4933673031727694,0.0316227766016837,0.003,0.9408344170078636,groups_111011
36,45,1.4892284863234937,0.0316227766016837,0.003,0.9573362920200452,groups_111011
37,46,1.4944174579586755,0.0316227766016837,0.003,0.9697375419782476,groups_111011
38,49,1.5007645251755493,0.0316227766016837,0.003,1.0499465829925612,groups_111011
39,50,1.4924536433358249,0.01,0.001,0.93115008296445,groups_111011
40,51,1.4778187143160024,0.01,0.001,0.9367692080559208,groups_111011
41,52,1.476744942588584,0.01,0.001,0.9418546250090004,groups_111011
42,53,1.481020504112658,0.01,0.001,0.9605352090438828,groups_111011
43,54,1.4724445891647673,0.01,0.001,0.9448884999146684,groups_111011
44,55,1.4782124947166968,0.01,0.001,0.9229015000164508,groups_111011
45,56,1.4737220266903672,0.01,0.001,0.9195889999391512,groups_111011
46,58,1.5228656205728248,0.0031622776601683,0.001,0.9146987909916788,groups_111011
47,59,1.520750548979917,0.01,0.001,0.9729526250157504,groups_111011
48,60,1.5278513446491104,0.01,0.001,0.9407300830353053,groups_111011
49,101,1.5356464785037227,0.01,0.001,0.9620705409906803,groups_111011
50,102,1.5307645673188872,0.01,0.001,0.946572333923541,groups_111011
51,104,1.5535370219505027,0.01,0.001,0.942106166970916,groups_111011
52,106,1.5507998727203325,0.01,0.001,0.9347146250074728,groups_111011
53,108,1.5327536952309233,0.01,0.001,0.93546075001359,groups_111011
54,109,1.5317598463002426,0.01,0.001,0.9441242080647498,groups_111011
55,110,1.5476900763816046,0.0031622776601683,0.001,0.9800149579532444,groups_111011
56,112,1.55253340157773,0.01,0.001,0.9493395410245284,groups_111011
57,113,1.5762148263365434,0.01,0.001,0.9474674999946728,groups_111011
58,115,1.579528951261015,0.01,0.001,0.9284106249688192,groups_111011
59,116,1.5496137717246998,0.01,0.003,0.9957665000110864,groups_111011
60,118,1.5710521565962432,0.01,0.001,0.9656355839688332,groups_111011
61,119,1.5785044986119428,0.01,0.001,0.957031459081918,groups_111011
62,120,1.611713803275368,0.01,0.001,0.9375597919570282,groups_111011
63,121,1.6065163529185764,0.01,0.001,0.9508876670151948,groups_111011
64,122,1.6058221413363831,0.0316227766016837,0.003,0.9419224159792066,groups_111011
65,124,1.60320725960975,0.01,0.001,0.9358847500989214,groups_111011
66,125,1.6062440647605338,0.0031622776601683,0.001,1.0644389169756323,groups_111011
67,126,1.601164018630621,0.0031622776601683,0.001,0.9713646670570596,groups_111011
68,127,1.6114175079366089,0.0316227766016837,0.003,0.9648022080073132,groups_111011
69,129,1.6161807260893617,0.01,0.001,0.9706135409651324,groups_111011
70,130,1.5784576006584374,0.0316227766016837,0.003,0.9457615000428632,groups_111011
71,133,1.5891620779229851,0.01,0.001,0.9503077500266954,groups_111011
72,135,1.5866157556796154,0.01,0.001,0.9766656670253724,groups_111011
73,137,1.538657524558505,0.0031622776601683,0.001,0.9379127090796828,groups_111011
74,138,1.6054114566351143,0.01,0.001,0.9693344159750268,groups_111011
75,139,1.6405077104651846,0.0316227766016837,0.003,0.9680251670069993,groups_111011
76,140,1.6288842330718694,0.0316227766016837,0.003,1.077508874936029,groups_111011
77,141,1.6218410391114644,0.01,0.001,0.94206812500488,groups_111011
78,142,1.6229514069104725,0.01,0.001,0.9924750420032068,groups_111011
79,144,1.53141496734612,0.01,0.001,0.9505340419709682,groups_111011
80,145,1.6217923872650213,0.01,0.001,0.9454496250255032,groups_111011
81,146,1.6252665103025743,0.01,0.001,0.950382167007774,groups_111011
82,147,1.625564074640545,0.01,0.001,0.9482642920920624,groups_111011
83,148,1.6208093758894142,0.0031622776601683,0.001,0.9472641670145094,groups_111011
84,149,1.6266615019196813,0.01,0.001,0.9564146660268308,groups_111011
85,150,1.6109629885763956,0.01,0.001,0.9418906250502914,groups_111011
86,151,1.59952633079848,0.01,0.001,0.9509237920865417,groups_111011
87,153,1.61834668608386,0.0031622776601683,0.001,0.9558804999105632,groups_111011
88,154,1.6125186080741325,0.0031622776601683,0.001,1.138627125066705,groups_111011
89,158,1.6199619541348338,0.0031622776601683,0.001,1.055542999994941,groups_111011
90,160,1.612905404662447,0.01,0.001,0.9721424160525204,groups_111011
91,165,1.603251511456525,0.0031622776601683,0.001,0.9805444590747356,groups_111011
92,166,1.613560497169464,0.0031622776601683,0.001,0.974975666962564,groups_111011
93,167,1.6263150036984344,0.01,0.001,0.9607852910412475,groups_111011
94,169,1.5889833337578747,0.0031622776601683,0.001,1.0030077080009503,groups_111011
95,170,1.5927928667916804,0.0031622776601683,0.001,1.024283375008963,groups_111011
96,171,1.591705349836776,0.0031622776601683,0.001,0.954732000012882,groups_111011
97,172,1.59954880756449,0.0031622776601683,0.001,0.9758196669863536,groups_111011
98,173,1.5881412617639872,0.0031622776601683,0.001,0.9511232090881094,groups_111011
99,174,1.5911717360195468,0.0031622776601683,0.001,0.9503802079707384,groups_111011
100,176,1.581412437817384,0.0031622776601683,0.001,1.0851406659930944,groups_111011
101,178,1.583331835280261,0.0031622776601683,0.001,0.992966040968895,groups_111011
102,181,1.5677865575206915,0.0031622776601683,0.001,0.9645855419803412,groups_111011
103,183,1.55007154072755,0.0003162277660168,0.0003,0.9650272500002756,groups_111011
104,185,1.523070940667712,0.0003162277660168,0.0003,0.9481977090472355,groups_111011
105,186,1.5262160105151,0.0003162277660168,0.0003,0.9449647499714048,groups_111011
106,188,1.5446777673972798,0.001,0.0003,0.948263750062324,groups_111011
107,190,1.5464429879039547,0.0031622776601683,0.001,0.9455181249650196,groups_111011
108,191,1.5452641091034014,0.0031622776601683,0.001,0.9498642910039052,groups_111011
109,192,1.5483129821338315,0.0003162277660168,0.0003,0.9852154159452766,groups_111011
110,193,1.5430632885245186,0.0003162277660168,0.0003,0.9659815840423108,groups_111011
111,195,1.5497446420072931,0.0003162277660168,0.0003,0.951409374945797,groups_111011
112,198,1.5447740405852686,0.0003162277660168,0.0003,0.9595592078985646,groups_111011
113,199,1.5436088830977337,0.0003162277660168,0.0003,0.948000374948606,groups_111011
114,200,1.5515891641661417,0.0031622776601683,0.001,0.952158333035186,groups_111011
115,201,1.5511822739393748,0.0003162277660168,0.0003,0.9428649590117856,groups_111011
1,1,1.4785163094599043,0.1,0.01,0.932487666956149,groups_111101
2,2,1.4975525352357166,0.1,0.01,0.922841125051491,groups_111101
3,3,1.4343699558401477,0.0316227766016837,0.003,0.9118057920131832,groups_111101
4,5,1.4930922209896424,0.1,0.01,1.0345016670180485,groups_111101
5,6,1.499031838942629,0.1,0.01,1.0052979999454692,groups_111101
6,7,1.5004677788925092,0.1,0.01,0.9478909160243348,groups_111101
7,8,1.4892350423893004,0.1,0.01,0.945788500015624,groups_111101
8,9,1.4907209664164935,0.1,0.01,0.9476748750312254,groups_111101
9,12,1.4444201520532811,0.1,0.01,0.9248713749693708,groups_111101
10,13,1.4935985229278952,0.0316227766016837,0.003,0.9270742919761688,groups_111101
11,14,1.4675806294851623,0.1,0.01,0.9134996669599786,groups_111101
12,15,1.4727647287697416,0.1,0.01,0.909110291977413,groups_111101
13,16,1.4692378828631931,0.1,0.01,0.9012945840368048,groups_111101
14,17,1.4835961709732994,0.0316227766016837,0.003,0.9295159169705584,groups_111101
15,18,1.4758467164413545,0.0316227766016837,0.003,0.9400921670021488,groups_111101
16,19,1.491775150998234,0.0316227766016837,0.003,0.910359708010219,groups_111101
17,21,1.4828061783506497,0.1,0.01,0.9142779170069844,groups_111101
18,22,1.48973979645584,0.1,0.01,0.9215517499251292,groups_111101
19,23,1.4900999601858842,0.0316227766016837,0.003,0.9189542920794338,groups_111101
20,24,1.4925289803313957,0.0316227766016837,0.003,0.9223072919994592,groups_111101
21,25,1.5044019136221267,0.0316227766016837,0.003,0.931585417012684,groups_111101
22,26,1.5162569464492897,0.0316227766016837,0.003,0.918124791001901,groups_111101
23,27,1.502956570676416,0.0316227766016837,0.003,0.908201124984771,groups_111101
24,28,1.5053818635226983,0.0316227766016837,0.003,0.9109050000552088,groups_111101
25,29,1.5087015416648168,0.0316227766016837,0.003,0.9345547090051696,groups_111101
26,30,1.5048033853910212,0.0316227766016837,0.003,0.9139598329784347,groups_111101
27,32,1.500224270017325,0.0316227766016837,0.003,0.9260237499838696,groups_111101
28,34,1.4962001552212312,0.0316227766016837,0.003,0.9197705830447376,groups_111101
29,36,1.4865797713001907,0.0316227766016837,0.003,0.993145333020948,groups_111101
30,37,1.4680322855081749,0.0316227766016837,0.003,0.9518157499842346,groups_111101
31,38,1.4629950717724838,0.0316227766016837,0.003,0.9622403749963268,groups_111101
32,40,1.4655222949188058,0.0316227766016837,0.003,0.9993422910338268,groups_111101
33,41,1.4290049115504817,0.0316227766016837,0.003,0.9598058749688788,groups_111101
34,43,1.457740883990305,0.0316227766016837,0.003,0.9352195829851552,groups_111101
35,44,1.4482614837305554,0.0316227766016837,0.003,0.905296582961455,groups_111101
36,45,1.4437031944479066,0.0316227766016837,0.003,0.9433455420657992,groups_111101
37,46,1.4512921741069782,0.0316227766016837,0.003,0.9122714590048416,groups_111101
38,49,1.4441661098806675,0.0316227766016837,0.003,0.9217880420619622,groups_111101
39,50,1.4486578880365188,0.0316227766016837,0.003,0.9282017919467762,groups_111101
40,51,1.4462960881212013,0.0316227766016837,0.003,0.95533454103861,groups_111101
41,52,1.449313499936961,0.0316227766016837,0.003,0.9150272500701248,groups_111101
42,53,1.445630002755424,0.0316227766016837,0.003,0.9370457499753684,groups_111101
43,54,1.4415843396014711,0.0316227766016837,0.003,1.016405750066042,groups_111101
44,55,1.4482471041549847,0.0316227766016837,0.003,1.0064602920319885,groups_111101
45,56,1.4384508425907203,0.0316227766016837,0.003,0.919510458013974,groups_111101
46,58,1.4867439023043636,0.0316227766016837,0.003,0.924988334067166,groups_111101
47,59,1.485060223761617,0.0316227766016837,0.003,0.9171468330314384,groups_111101
48,60,1.4806944429568,0.0316227766016837,0.003,0.9407493330072612,groups_111101
49,101,1.486910465539076,0.0316227766016837,0.003,0.9347697909688576,groups_111101
50,102,1.4807550187442886,0.0316227766016837,0.003,0.907322583021596,groups_111101
51,104,1.5278476497357183,0.01,0.001,0.9451041659340262,groups_111101
52,106,1.5065349910780683,0.0316227766016837,0.003,0.9084842499578372,groups_111101
53,108,1.515246617505264,0.0316227766016837,0.003,0.9173976669553668,groups_111101
54,109,1.4889556469463396,0.0316227766016837,0.003,0.9099012500373648,groups_111101
55,110,1.5383043811195247,0.0316227766016837,0.003,0.9126724579837172,groups_111101
56,112,1.5353497869887804,0.0316227766016837,0.003,0.9230040840338916,groups_111101
57,113,1.5530275786585308,0.0316227766016837,0.003,0.9498988339910284,groups_111101
58,115,1.541067737033904,0.1,0.01,0.9166018749820068,groups_111101
59,116,1.5565374382170714,0.1,0.01,0.9038497500587256,groups_111101
60,118,1.5537616274743529,0.1,0.01,0.919680125080049,groups_111101
61,119,1.53803868476922,0.1,0.01,0.9802174170035868,groups_111101
62,120,1.5776048813048442,0.1,0.01,0.9103495000163092,groups_111101
63,121,1.5728866841764026,0.1,0.01,0.914551499998197,groups_111101
64,122,1.526572528646848,0.1,0.01,0.9301678329939024,groups_111101
65,124,1.5730179852289077,0.1,0.01,1.0693259579129517,groups_111101
66,125,1.577131649181465,0.1,0.01,0.9527628330979496,groups_111101
67,126,1.5733096288614703,0.1,0.01,0.9902914579724892,groups_111101
68,127,1.5680057452464768,0.1,0.01,0.9406030829995872,groups_111101
69,129,1.5669687496256146,0.1,0.01,0.946967166964896,groups_111101
70,130,1.5530466183050735,0.1,0.01,0.9472645829664544,groups_111101
71,133,1.541518387413675,0.1,0.01,0.9223440419882536,groups_111101
72,135,1.5566506432509544,0.1,0.01,1.0488579579396171,groups_111101
73,137,1.541917135137673,0.1,0.01,0.9552061249269173,groups_111101
74,138,1.581214029154165,0.1,0.01,0.9732049579033628,groups_111101
75,139,1.585507582512507,0.1,0.01,0.9685533749870956,groups_111101
76,140,1.582559379679789,0.1,0.01,0.9405728339916096,groups_111101
77,141,1.5612724234293165,0.1,0.01,0.9268624579999596,groups_111101
78,142,1.5836261688163986,0.1,0.01,0.94838116702158,groups_111101
79,144,1.5441374593267712,0.1,0.01,0.9175507499603556,groups_111101
80,145,1.5875987515579553,0.1,0.01,0.919999875011854,groups_111101
81,146,1.5989916071701118,0.1,0.01,0.946656999993138,groups_111101
82,147,1.5819784697289476,0.1,0.01,0.9750425409292802,groups_111101
83,148,1.593987906794463,0.1,0.01,0.935970207909122,groups_111101
84,149,1.60253692083761,0.1,0.01,0.9224139170255512,groups_111101
85,150,1.6038252893213656,0.1,0.01,0.9271900840103626,groups_111101
86,151,1.596205615302719,0.01,0.003,0.927766582928598,groups_111101
87,153,1.5855561520497088,0.1,0.01,1.024567750049755,groups_111101
88,154,1.593675414874337,0.1,0.01,0.9507755410159008,groups_111101
89,158,1.5983806551880193,0.1,0.01,0.9269347910303622,groups_111101
90,160,1.5962933956342558,0.1,0.01,0.9509919580304996,groups_111101
91,165,1.5970436165613573,0.1,0.01,0.9418982090428472,groups_111101
92,166,1.594721626555348,0.1,0.01,0.935530332964845,groups_111101
93,167,1.6079608516820378,0.1,0.01,1.057134540984407,groups_111101
94,169,1.5853476072967236,0.1,0.01,0.9683025840204208,groups_111101
95,170,1.6206899329925464,0.1,0.003,0.967546125059016,groups_111101
96,171,1.6207741366608683,0.0316227766016837,0.003,0.9351270420011132,groups_111101
97,172,1.6226099377512293,0.0316227766016837,0.003,0.9458087919047102,groups_111101
98,173,1.6159831970831284,0.0316227766016837,0.003,0.9678080829326065,groups_111101
99,174,1.6173491316043371,0.0316227766016837,0.003,0.9863802080508322,groups_111101
100,176,1.6251890009596437,0.0316227766016837,0.003,0.9638100829906762,groups_111101
101,178,1.629003935476706,0.0316227766016837,0.003,1.0155975830275563,groups_111101
102,181,1.6046673486947196,0.0316227766016837,0.003,1.0419557919958606,groups_111101
103,183,1.6188129990354745,0.1,0.003,1.1791529579786584,groups_111101
104,185,1.592364243941053,0.1,0.003,1.0328736250521615,groups_111101
105,186,1.603306129725905,0.0316227766016837,0.003,1.1074034170014784,groups_111101
106,188,1.6127738842340904,0.1,0.003,1.042236291919835,groups_111101
107,190,1.5802923525587371,0.0316227766016837,0.003,0.9646036670310424,groups_111101
108,191,1.603658350648162,0.0316227766016837,0.003,1.0233545830706134,groups_111101
109,192,1.6042803918460846,0.0316227766016837,0.003,0.970641583087854,groups_111101
110,193,1.6039837834130029,0.0316227766016837,0.003,1.0138082499615848,groups_111101
111,195,1.6093353469488108,0.0316227766016837,0.003,0.9835899579338728,groups_111101
112,198,1.6016115562497188,0.0316227766016837,0.003,0.9957071669632568,groups_111101
113,199,1.6026534100765566,0.0316227766016837,0.003,1.014997125021182,groups_111101
114,200,1.6061175436772872,0.0316227766016837,0.003,1.0576445000478998,groups_111101
115,201,1.6069348689288363,0.0316227766016837,0.003,0.9764838750706986,groups_111101
1,1,1.4958027985418394,0.1,0.003,1.057206750032492,groups_111110
2,2,1.4905074810768069,0.1,0.003,1.031036917003803,groups_111110
3,3,1.4657543306378849,0.1,0.003,0.9552995410049334,groups_111110
4,5,1.5000702281685891,0.1,0.003,0.9513608750421554,groups_111110
5,6,1.5034739606392042,0.1,0.003,0.9583309170557186,groups_111110
6,7,1.50606435380796,0.1,0.003,0.9670319580473006,groups_111110
7,8,1.504788400062296,0.1,0.003,0.968229666003026,groups_111110
8,9,1.50973718858834,0.1,0.003,0.9601145839551464,groups_111110
9,12,1.473971286039529,0.1,0.003,0.952333667082712,groups_111110
10,13,1.5082066992470091,0.1,0.003,0.9528455829713494,groups_111110
11,14,1.498044620435515,0.1,0.003,1.0007020409684628,groups_111110
12,15,1.5118766395550816,0.1,0.003,0.98760150000453,groups_111110
13,16,1.505603919922342,0.1,0.003,1.0061921660089863,groups_111110
14,17,1.5072180814723342,0.1,0.003,0.9736650000559166,groups_111110
15,18,1.5062565874226794,0.1,0.003,0.9859513330738991,groups_111110
16,19,1.5055257201606986,0.1,0.003,0.9751117079285904,groups_111110
17,21,1.4638688869968646,0.1,0.01,1.020286415936425,groups_111110
18,22,1.5103511311639397,0.1,0.003,1.0013075419701636,groups_111110
19,23,1.511168401712291,0.1,0.003,0.987664374988526,groups_111110
20,24,1.5312273049249845,0.1,0.003,0.9410761250182986,groups_111110
21,25,1.5266260233322404,0.1,0.003,0.9623441669391468,groups_111110
22,26,1.5390934717116014,0.1,0.003,0.9383623340399936,groups_111110
23,27,1.5120575075370652,0.1,0.003,0.9644555420381948,groups_111110
24,28,1.5318435585678156,0.1,0.003,0.9930083329090847,groups_111110
25,29,1.5266540165056242,0.1,0.003,0.9459702499443664,groups_111110
26,30,1.5246826144163848,0.1,0.003,0.9515387089923024,groups_111110
27,32,1.52274119085032,0.1,0.003,0.9759582920232788,groups_111110
28,34,1.519896747908803,0.1,0.003,1.1126213750103489,groups_111110
29,36,1.5230228528458838,0.1,0.003,0.9921312909573315,groups_111110
30,37,1.4971813466026918,0.1,0.003,0.9994960830081254,groups_111110
31,38,1.502869700461272,0.1,0.003,1.0107885419856757,groups_111110
32,40,1.5013984794014377,0.1,0.003,0.9841378330020234,groups_111110
33,41,1.4739537511718952,0.1,0.003,0.9783482499187812,groups_111110
34,43,1.499381329982238,0.1,0.003,0.9852325409883632,groups_111110
35,44,1.4842923569075686,0.1,0.003,1.0268776660086587,groups_111110
36,45,1.4863663215879397,0.1,0.003,1.0453125829808414,groups_111110
37,46,1.4859636176314144,0.1,0.003,1.0208156659500671,groups_111110
38,49,1.496074272696643,0.0316227766016837,0.001,1.0056725839385765,groups_111110
39,50,1.4876420849437155,0.1,0.003,1.0320251670200378,groups_111110
40,51,1.4775520968535272,0.1,0.003,1.0033059590496125,groups_111110
41,52,1.4797816235593917,0.1,0.003,0.9547982919029891,groups_111110
42,53,1.470038723190997,0.1,0.003,0.964717916911468,groups_111110
43,54,1.46752761964285,0.1,0.003,0.9601205829530954,groups_111110
44,55,1.4714991612436643,0.1,0.003,0.9454074170207604,groups_111110
45,56,1.4678967232610869,0.1,0.003,1.040095584001392,groups_111110
46,58,1.4967026188014112,0.1,0.003,0.9717629160732032,groups_111110
47,59,1.4935868050290524,0.1,0.003,0.9611126250820234,groups_111110
48,60,1.4915165939891075,0.1,0.003,0.9646798750618472,groups_111110
49,101,1.5026910148279435,0.1,0.003,0.9920863750157878,groups_111110
50,102,1.491392118245782,0.1,0.003,0.9603924580151216,groups_111110
51,104,1.5187201166664124,0.1,0.003,0.9639115830650552,groups_111110
52,106,1.515553396286238,0.1,0.003,0.9673138330690564,groups_111110
53,108,1.4933612491906851,0.1,0.003,0.9625434170011432,groups_111110
54,109,1.4758536707824672,0.1,0.003,0.9698078330839052,groups_111110
55,110,1.5284331823433002,0.1,0.003,0.9937156660016626,groups_111110
56,112,1.535028485136339,0.1,0.003,1.035720834042877,groups_111110
57,113,1.525119892598188,0.0316227766016837,0.001,0.9713981670793146,groups_111110
58,115,1.5052367881574065,0.1,0.003,0.9870060830144212,groups_111110
59,116,1.5336539590746463,0.1,0.003,0.9813138749450444,groups_111110
60,118,1.5233348524919907,0.1,0.003,0.9764274170156568,groups_111110
61,119,1.5311238434079069,0.1,0.003,0.9894892079755664,groups_111110
62,120,1.530419287660849,0.1,0.003,0.9641588749364018,groups_111110
63,121,1.5319895724080943,0.1,0.003,0.955393832991831,groups_111110
64,122,1.5073793447917516,0.1,0.003,0.9878804590553044,groups_111110
65,124,1.522028879038846,0.1,0.003,0.9662668750388548,groups_111110
66,125,1.5210051468757966,0.1,0.003,0.964473917032592,groups_111110
67,126,1.520275200097068,0.1,0.003,0.9825695420149714,groups_111110
68,127,1.5087043360083834,0.1,0.003,0.9996971249347552,groups_111110
69,129,1.5191488937551465,0.1,0.003,0.96438516699709,groups_111110
70,130,1.5059943598527348,0.1,0.003,0.9482933750841768,groups_111110
71,133,1.4950069925438925,0.1,0.003,0.9770332500338554,groups_111110
72,135,1.5122381438507453,0.1,0.003,0.9962217080174014,groups_111110
73,137,1.5068602299366791,0.1,0.003,0.970533874933608,groups_111110
74,138,1.5177480448157368,0.1,0.003,0.9930843750480562,groups_111110
75,139,1.5568928622519644,0.1,0.003,0.98360841604881,groups_111110
76,140,1.5467513781618256,0.1,0.003,0.9880575829884036,groups_111110
77,141,1.5357086932722532,0.1,0.003,0.9853484160266816,groups_111110
78,142,1.5407240820493269,0.1,0.003,0.9782416250091046,groups_111110
79,144,1.4752898022819696,0.1,0.003,0.9933859170414508,groups_111110
80,145,1.5687388206453114,0.1,0.003,0.9839311249088496,groups_111110
81,146,1.573658031155741,0.1,0.001,0.9775622909655796,groups_111110
82,147,1.5774727901554415,0.1,0.001,0.9962173340609296,groups_111110
83,148,1.5755622654817287,0.1,0.001,0.99265241692774,groups_111110
84,149,1.5738941018634218,0.1,0.001,0.9862677090568468,groups_111110
85,150,1.5699430825253156,0.1,0.001,0.9753639579284936,groups_111110
86,151,1.5751294365392516,0.1,0.001,1.0326881669461727,groups_111110
87,153,1.5764122296178074,0.1,0.001,0.98254579200875,groups_111110
88,154,1.5911293261116992,0.1,0.001,0.9883384159766138,groups_111110
89,158,1.5921597510261265,0.1,0.001,0.968072541989386,groups_111110
90,160,1.587796330898794,0.1,0.001,1.009833583026193,groups_111110
91,165,1.5849726260078707,0.1,0.003,0.9684017499675974,groups_111110
92,166,1.586099915402444,0.1,0.003,0.9924529999261722,groups_111110
93,167,1.5848475632501668,0.1,0.003,0.9926660829223692,groups_111110
94,169,1.5691975099642703,0.1,0.003,0.968132916954346,groups_111110
95,170,1.582215313342516,0.1,0.003,0.9747438329504804,groups_111110
96,171,1.579142255606177,0.1,0.003,0.975362665951252,groups_111110
97,172,1.580455679045275,0.1,0.003,0.9717268330277876,groups_111110
98,173,1.579705949566888,0.1,0.003,0.9645952079445124,groups_111110
99,174,1.5717576704873744,0.1,0.003,0.9705145410262048,groups_111110
100,176,1.5770774865234245,0.1,0.003,0.9780489169061184,groups_111110
101,178,1.579016697755276,0.1,0.003,0.9852354580070825,groups_111110
102,181,1.578941593755994,0.1,0.003,1.0081354579888284,groups_111110
103,183,1.5712982499425632,0.1,0.003,0.9930876250145956,groups_111110
104,185,1.5617929427794308,0.1,0.001,0.9790837089531124,groups_111110
105,186,1.5670547676893765,0.1,0.003,1.0042102909646928,groups_111110
106,188,1.5758944434735045,0.1,0.003,0.9963801659177988,groups_111110
107,190,1.5680347803168464,0.1,0.003,1.013416999951005,groups_111110
108,191,1.573516141498864,0.1,0.003,0.9862979159224778,groups_111110
109,192,1.5740102443974298,0.1,0.003,0.9990670830011368,groups_111110
110,193,1.5781434888146766,0.1,0.003,1.0115632909582928,groups_111110
111,195,1.5736906479669406,0.1,0.003,0.9914476660778746,groups_111110
112,198,1.5725483890352092,0.1,0.003,1.037500208010897,groups_111110
113,199,1.5736120127174966,0.1,0.003,1.006123457918875,groups_111110
114,200,1.5742139139840114,0.1,0.003,0.9895120000001044,groups_111110
115,201,1.5526073608524285,0.1,0.003,0.9780618749791756,groups_111110
1,1,1.5128091225715758,0.1,0.01,2.942198208067566,groups_001111
2,2,1.5329278940826765,0.0316227766016837,0.01,0.8750218750210479,groups_001111
3,3,1.4674420393977357,0.0316227766016837,0.01,0.8552289999788627,groups_001111
4,5,1.521749000112598,0.0316227766016837,0.01,0.865464499918744,groups_001111
5,6,1.5242557956293212,0.0316227766016837,0.01,0.8468079160666093,groups_001111
6,7,1.5288392035575682,0.01,0.003,0.8917761250631884,groups_001111
7,8,1.5201943408613188,0.1,0.01,0.9250534579623492,groups_001111
8,9,1.544886778167922,0.01,0.003,0.8640742920106277,groups_001111
9,12,1.5511382214341751,0.01,0.003,0.8544160829624161,groups_001111
10,13,1.5380951307868909,0.0316227766016837,0.01,1.1078620000043884,groups_001111
11,14,1.5257796515541135,0.1,0.01,1.02537929196842,groups_001111
12,15,1.5432942088436117,0.1,0.01,0.9583242919761688,groups_001111
13,16,1.5409918950343424,0.1,0.01,1.1111544159939513,groups_001111
14,17,1.520100495139435,0.0316227766016837,0.01,0.9339374169940128,groups_001111
15,18,1.5276085998986668,0.1,0.01,0.8806577499490231,groups_001111
16,19,1.5327397845984954,0.0316227766016837,0.01,0.9002275830134749,groups_001111
17,21,1.5160503275739692,0.1,0.01,0.8674385419581085,groups_001111
18,22,1.4999165070787246,0.0316227766016837,0.01,1.009300124947913,groups_001111
19,23,1.5366589529814934,0.0316227766016837,0.01,0.8990664590382949,groups_001111
20,24,1.533024755805174,0.0316227766016837,0.01,1.055269250064157,groups_001111
21,25,1.5289690183406606,0.0316227766016837,0.01,0.9373213750077412,groups_001111
22,26,1.5335703120075628,0.0316227766016837,0.01,0.9072080419864506,groups_001111
23,27,1.5440622368204109,0.1,0.01,0.991418999969028,groups_001111
24,28,1.5534443976221988,0.01,0.003,0.8952258749632165,groups_001111
25,29,1.5301950528469002,0.01,0.003,0.8862050409661606,groups_001111
26,30,1.5209860743055512,0.01,0.003,0.8912464170716703,groups_001111
27,32,1.5356647792120928,0.01,0.003,0.88395154196769,groups_001111
28,34,1.5264307560686188,0.01,0.003,0.8740775410551578,groups_001111
29,36,1.5389250685040712,0.01,0.003,0.910869083018042,groups_001111
30,37,1.5357487109470231,0.01,0.003,0.901207874994725,groups_001111
31,38,1.530238361357942,0.01,0.003,0.903472083969973,groups_001111
32,40,1.540941236419641,0.01,0.003,0.9211069999728352,groups_001111
33,41,1.5268881243882393,0.01,0.003,0.9211516249924898,groups_001111
34,43,1.538119824607301,0.01,0.003,0.8896620410960168,groups_001111
35,44,1.524065218285187,0.01,0.003,0.8947895410237834,groups_001111
36,45,1.5318200682990513,0.01,0.003,0.8839533750433475,groups_001111
37,46,1.5316984264172997,0.01,0.003,0.9155305000022054,groups_001111
38,49,1.5161676395117023,0.01,0.003,0.9139367919415236,groups_001111
39,50,1.5322859019711133,0.01,0.003,0.9085302919847892,groups_001111
40,51,1.5341217752650689,0.01,0.003,0.8952808749163523,groups_001111
41,52,1.5547119469118045,0.01,0.003,0.900750125059858,groups_001111
42,53,1.5354130029697526,0.01,0.003,0.8947613330092281,groups_001111
43,54,1.54269803914267,0.01,0.003,0.9049199159489943,groups_001111
44,55,1.5431154614071707,0.01,0.003,0.8895019580377266,groups_001111
45,56,1.55043521399704,0.01,0.003,0.8947158750379458,groups_001111
46,58,1.5808429264194674,0.01,0.003,0.904868165962398,groups_001111
47,59,1.570132329098726,0.01,0.003,0.905131374951452,groups_001111
48,60,1.577581562183605,0.01,0.003,0.9290952499723062,groups_001111
49,101,1.586365440450608,0.01,0.003,0.8940939159365371,groups_001111
50,102,1.594766244441806,0.01,0.003,0.8984339999733493,groups_001111
51,104,1.5419136085146936,0.01,0.003,0.9032577080652118,groups_001111
52,106,1.57545634236477,0.01,0.003,0.9173430420923978,groups_001111
53,108,1.536782292954726,0.01,0.003,0.919483125093393,groups_001111
54,109,1.5660674363026683,0.01,0.003,0.91818358306773,groups_001111
55,110,1.5669138655002015,0.01,0.003,1.164362500072457,groups_001111
56,112,1.5803853380134,0.01,0.003,1.0890417089685798,groups_001111
57,113,1.573468557736812,0.01,0.003,1.2632812499068675,groups_001111
58,115,1.5589768901477878,0.01,0.003,0.9383531659841536,groups_001111
59,116,1.559711814672782,0.01,0.003,0.9542662909952924,groups_001111
60,118,1.551552970747733,0.01,0.003,0.967552708927542,groups_001111
61,119,1.5554868726187896,0.01,0.003,0.9180537919746712,groups_001111
62,120,1.5735782629037038,0.01,0.003,0.958676042035222,groups_001111
63,121,1.566728163848762,0.01,0.003,0.9323374580126256,groups_001111
64,122,1.5591980561457317,0.1,0.01,0.936596249928698,groups_001111
65,124,1.556845866464453,0.01,0.003,0.9326552080456167,groups_001111
66,125,1.5667575595722436,0.01,0.003,0.92414604104124,groups_001111
67,126,1.5401891752409285,0.01,0.003,0.9874266660772264,groups_001111
68,127,1.565018214182467,0.01,0.003,1.042556041968055,groups_001111
69,129,1.5551587623769392,0.01,0.003,0.9465322500327602,groups_001111
70,130,1.5482464069414932,0.01,0.003,1.004215665976517,groups_001111
71,133,1.5526136123926482,0.01,0.003,0.9198916250607,groups_001111
72,135,1.5472130935135795,0.01,0.003,0.9093492079991848,groups_001111
73,137,1.520005053190511,0.01,0.003,0.9208432090235874,groups_001111
74,138,1.538259295813602,0.01,0.003,0.914002792094834,groups_001111
75,139,1.5786831122542422,0.01,0.003,0.9247247079620138,groups_001111
76,140,1.5852600294042491,0.01,0.003,0.924052375019528,groups_001111
77,141,1.5785515839608286,0.01,0.003,0.9424785829614848,groups_001111
78,142,1.5651278611708486,0.01,0.003,0.9479519170708954,groups_001111
79,144,1.5550935147020408,0.01,0.003,0.9352798330364748,groups_001111
80,145,1.5551426667901298,0.01,0.003,0.932213291991502,groups_001111
81,146,1.6224053109875742,0.1,0.01,0.9165740830358118,groups_001111
82,147,1.6460870273367478,0.1,0.01,0.925482082995586,groups_001111
83,148,1.621878806431981,0.1,0.01,0.9132826250279322,groups_001111
84,149,1.6297044621210512,0.01,0.003,0.918764500063844,groups_001111
85,150,1.6272865059425192,0.1,0.01,0.9243857089895756,groups_001111
86,151,1.632657109010388,0.1,0.01,0.9421694590710104,groups_001111
87,153,1.636873624848027,0.1,0.01,0.9559502080082892,groups_001111
88,154,1.6443667272785782,0.01,0.003,1.0233660410158336,groups_001111
89,158,1.650423516713791,0.01,0.003,1.0424105830024928,groups_001111
90,160,1.6575585119811376,0.1,0.01,0.9732987500028684,groups_001111
91,165,1.6026613320981795,0.0316227766016837,0.01,1.0107066669734197,groups_001111
92,166,1.6205983169423166,0.01,0.003,0.9388930409913884,groups_001111
93,167,1.6290564564862289,0.01,0.003,0.9615646249148996,groups_001111
94,169,1.6406421014131674,0.01,0.003,0.9972995419520884,groups_001111
95,170,1.6390987882407029,0.01,0.003,0.9530855000484736,groups_001111
96,171,1.641942868592724,0.01,0.003,0.9500120830489324,groups_001111
97,172,1.6362408166400917,0.01,0.003,0.9275502919917926,groups_001111
98,173,1.6331425498624526,0.01,0.003,0.9395316250156612,groups_001111
99,174,1.6116687785364472,0.01,0.003,1.0006619580090046,groups_001111
100,176,1.6518067215627337,0.01,0.003,0.9856291669420898,groups_001111
101,178,1.660444835078596,0.01,0.003,0.9431596249341964,groups_001111
102,181,1.63525437169216,0.01,0.003,0.9444280420430003,groups_001111
103,183,1.643043565021105,0.01,0.003,1.0063742499332875,groups_001111
104,185,1.6130163220452092,0.01,0.003,0.9344714590115472,groups_001111
105,186,1.6674704067938624,0.01,0.003,0.9251820829231292,groups_001111
106,188,1.669626243996071,0.01,0.003,0.930310916970484,groups_001111
107,190,1.6477891218456355,0.01,0.003,1.033530666027218,groups_001111
108,191,1.6794904365677017,0.01,0.003,1.133147249929607,groups_001111
109,192,1.6407983823557102,0.0316227766016837,0.01,0.9569295840337873,groups_001111
110,193,1.6870938580528996,0.01,0.003,1.0598748750053346,groups_001111
111,195,1.6658182824510794,0.01,0.003,1.0348317919997498,groups_001111
112,198,1.669360640179704,0.01,0.003,0.97721079189796,groups_001111
113,199,1.683113198058081,0.01,0.003,0.9254611249780282,groups_001111
114,200,1.6950602153702743,0.01,0.003,1.0153545830398798,groups_001111
115,201,1.6741170575854376,0.01,0.003,1.0311010420555249,groups_001111
1,1,1.5291678591886282,0.0316227766016837,0.003,1.1759142089867964,groups_010111
2,2,1.5339349650555638,0.0316227766016837,0.003,1.0474999590078369,groups_010111
3,3,1.5265714093239888,0.0316227766016837,0.003,1.0068885419750586,groups_010111
4,5,1.5322190337460324,0.0316227766016837,0.003,1.0342230420792475,groups_010111
5,6,1.5386234520530224,0.0316227766016837,0.003,0.9907398750074208,groups_010111
6,7,1.5364940229119524,0.0316227766016837,0.003,1.0763465000782162,groups_010111
7,8,1.5200146156104402,0.0316227766016837,0.003,0.9940873329760508,groups_010111
8,9,1.5599765631737956,0.0316227766016837,0.003,1.0442299579735843,groups_010111
9,12,1.5505513416285996,0.0316227766016837,0.003,1.0393110839650035,groups_010111
10,13,1.5369805227117814,0.0316227766016837,0.003,1.0481140000047162,groups_010111
11,14,1.538463742102413,0.0316227766016837,0.003,1.087457458022982,groups_010111
12,15,1.5590401338447546,0.0316227766016837,0.003,1.0325538329780102,groups_010111
13,16,1.5235194104671383,0.0316227766016837,0.003,1.0079286249820143,groups_010111
14,17,1.557214793925876,0.0316227766016837,0.003,1.012294749962166,groups_010111
15,18,1.547840854156869,0.0316227766016837,0.003,1.0125926249893382,groups_010111
16,19,1.55045884258628,0.0316227766016837,0.003,1.019768500002101,groups_010111
17,21,1.5321520053646658,0.0316227766016837,0.003,1.0199372090864929,groups_010111
18,22,1.5334487383458213,0.0316227766016837,0.003,1.0134105830220506,groups_010111
19,23,1.553670779879994,0.0316227766016837,0.003,1.0254159580217674,groups_010111
20,24,1.5852120846288609,0.0316227766016837,0.003,0.9910448329756036,groups_010111
21,25,1.5769696193384335,0.0316227766016837,0.003,1.0187719999812543,groups_010111
22,26,1.5887511015658633,0.0316227766016837,0.003,0.9969334159977734,groups_010111
23,27,1.584310279511515,0.0316227766016837,0.003,1.0690635000355542,groups_010111
24,28,1.5800778124801726,0.0316227766016837,0.003,1.028980917064473,groups_010111
25,29,1.5795568665689308,0.0316227766016837,0.003,1.0154974580509588,groups_010111
26,30,1.5716884148362538,0.0316227766016837,0.003,1.0025695839431137,groups_010111
27,32,1.577325157798847,0.0316227766016837,0.003,1.0279267500154674,groups_010111
28,34,1.5669038483152675,0.0316227766016837,0.003,1.0522688750643283,groups_010111
29,36,1.5748771554121592,0.0316227766016837,0.003,1.0131845839787277,groups_010111
30,37,1.5575737225471686,0.0316227766016837,0.003,1.0390279169660062,groups_010111
31,38,1.5358322856872582,0.0316227766016837,0.003,1.040749332983978,groups_010111
32,40,1.5725691791507683,0.0316227766016837,0.003,1.0086164580425248,groups_010111
33,41,1.538019635016692,0.0316227766016837,0.003,1.0442482910584658,groups_010111
34,43,1.5586208115015023,0.0316227766016837,0.003,1.03363045793958,groups_010111
35,44,1.5361797149595424,0.0316227766016837,0.003,1.0161915419157594,groups_010111
36,45,1.542690105756349,0.0316227766016837,0.003,1.0238819579826668,groups_010111
37,46,1.548524024036597,0.0316227766016837,0.003,0.9935594579437748,groups_010111
38,49,1.544564725884181,0.0316227766016837,0.003,0.9931067079305648,groups_010111
39,50,1.5386158392015068,0.0316227766016837,0.003,0.9762004159856588,groups_010111
40,51,1.5399671618630126,0.0316227766016837,0.003,1.0092114169383422,groups_010111
41,52,1.5366287698957424,0.0316227766016837,0.003,0.9827735419385136,groups_010111
42,53,1.5171932162059174,0.0316227766016837,0.003,1.0087375841103494,groups_010111
43,54,1.5248372052184225,0.0316227766016837,0.003,0.9703282080590724,groups_010111
44,55,1.5299561260089791,0.0316227766016837,0.003,0.9658694170648232,groups_010111
45,56,1.5336608369200146,0.0316227766016837,0.003,0.961091083008796,groups_010111
46,58,1.5479076750496092,0.0316227766016837,0.003,0.9527007080614568,groups_010111
47,59,1.5504563228285917,0.0316227766016837,0.003,0.9368863750714808,groups_010111
48,60,1.5494371192494476,0.0316227766016837,0.003,0.9508555830689148,groups_010111
49,101,1.552486204076329,0.0316227766016837,0.003,0.9644720409996808,groups_010111
50,102,1.5327203742406563,0.0031622776601683,0.0003,1.0185688339406624,groups_010111
51,104,1.5753657924718716,0.0031622776601683,0.0003,0.9458613340975716,groups_010111
52,106,1.5759970936875576,0.0316227766016837,0.003,0.9267085840692744,groups_010111
53,108,1.555029050629751,0.0316227766016837,0.003,0.9453422499354928,groups_010111
54,109,1.5426604663007395,0.0316227766016837,0.003,1.0431505830492824,groups_010111
55,110,1.579175204210273,0.0316227766016837,0.003,0.9788607499795036,groups_010111
56,112,1.5820573278678214,0.0031622776601683,0.0003,0.9503019159892574,groups_010111
57,113,1.5928772968166385,0.0031622776601683,0.0003,0.9413502080133184,groups_010111
58,115,1.570085924342908,0.0031622776601683,0.0003,0.9732210830552503,groups_010111
59,116,1.5741189332160184,0.0316227766016837,0.003,1.0133153749629855,groups_010111
60,118,1.5703017765871496,0.0316227766016837,0.003,0.9992315830895676,groups_010111
61,119,1.5827468121052657,0.0316227766016837,0.003,0.9488161250483244,groups_010111
62,120,1.5999136451347578,0.0031622776601683,0.0003,1.076530374935828,groups_010111
63,121,1.613315094982936,0.0316227766016837,0.003,0.971454209065996,groups_010111
64,122,1.581910317327981,0.0316227766016837,0.003,1.000239915912971,groups_010111
65,124,1.6173131369375058,0.0316227766016837,0.003,0.965711791999638,groups_010111
66,125,1.6038515082871438,0.0316227766016837,0.003,0.9803605830529704,groups_010111
67,126,1.6234748931863494,0.0316227766016837,0.003,0.9513140000635758,groups_010111
68,127,1.6181270577088247,0.0316227766016837,0.003,1.0848742919042706,groups_010111
69,129,1.6201473192758955,0.0316227766016837,0.003,1.013538500061259,groups_010111
70,130,1.598258305645026,0.0316227766016837,0.003,1.014941000030376,groups_010111
71,133,1.5854669794812426,0.0316227766016837,0.003,0.9587721249554306,groups_010111
72,135,1.6172271408878542,0.0316227766016837,0.003,0.9479661659570412,groups_010111
73,137,1.635130089839836,0.0031622776601683,0.0003,1.0481724169803783,groups_010111
74,138,1.67604469278089,0.0031622776601683,0.0003,0.961302167037502,groups_010111
75,139,1.683176249857269,0.0316227766016837,0.003,0.9678205829113722,groups_010111
76,140,1.6882664831385918,0.0316227766016837,0.001,1.037317750044167,groups_010111
77,141,1.6685231406758958,0.0031622776601683,0.0003,1.0501204580068588,groups_010111
78,142,1.674019053590991,0.0031622776601683,0.0003,0.9987073340453207,groups_010111
79,144,1.6567737814875665,0.0316227766016837,0.001,0.960302541963756,groups_010111
80,145,1.6816622972358477,0.0316227766016837,0.003,1.0400875420309603,groups_010111
81,146,1.6752613860246914,0.0031622776601683,0.0003,1.027596666011959,groups_010111
82,147,1.6728496697316462,0.0316227766016837,0.003,1.034204374998808,groups_010111
83,148,1.6679328708837549,0.0316227766016837,0.003,1.1572653750190511,groups_010111
84,149,1.6722223175548263,0.0031622776601683,0.0003,1.0155242499895394,groups_010111
85,150,1.6743573556324651,0.0316227766016837,0.003,1.1044734589522704,groups_010111
86,151,1.676982028433113,0.0316227766016837,0.003,1.1811183750396594,groups_010111
87,153,1.6711259168930146,0.1,0.01,1.1253568340325728,groups_010111
88,154,1.6816152335208807,0.0316227766016837,0.003,1.0662523750215769,groups_010111
89,158,1.6824662577795677,0.0316227766016837,0.003,1.070651999907568,groups_010111
90,160,1.6836812963149488,0.0316227766016837,0.003,1.0561421659076586,groups_010111
91,165,1.6720219538817538,0.1,0.01,1.0519155419897288,groups_010111
92,166,1.6585361175579558,0.1,0.01,1.0912664160132408,groups_010111
93,167,1.665703314062586,0.0316227766016837,0.003,1.1077889580046758,groups_010111
94,169,1.6367875395502696,0.0316227766016837,0.003,1.1437630839645865,groups_010111
95,170,1.644005347899833,0.0316227766016837,0.003,1.0423502079211175,groups_010111
96,171,1.6477233332402237,0.0316227766016837,0.003,1.0486404999392107,groups_010111
97,172,1.644032802743762,0.0316227766016837,0.003,1.0630165840266272,groups_010111
98,173,1.6405045161036274,0.0316227766016837,0.003,1.0536894589895385,groups_010111
99,174,1.6473929841273136,0.0316227766016837,0.003,1.0722911660559475,groups_010111
100,176,1.6532105342652723,0.0031622776601683,0.0003,1.068589709000662,groups_010111
101,178,1.6601415867169322,0.0031622776601683,0.0003,1.0717103329952806,groups_010111
102,181,1.629631856249878,0.0031622776601683,0.0003,1.0755200419807809,groups_010111
103,183,1.6279521215657309,0.0031622776601683,0.0003,1.076144125079736,groups_010111
104,185,1.62007545798438,0.0031622776601683,0.0003,1.0660590829793364,groups_010111
105,186,1.6038292308861148,0.0031622776601683,0.0003,1.082327332929708,groups_010111
106,188,1.6050399405283078,0.0031622776601683,0.0003,1.0618189169326795,groups_010111
107,190,1.6012909760478462,0.0316227766016837,0.003,1.088716582977213,groups_010111
108,191,1.6297223017622269,0.0031622776601683,0.0003,1.205314375110902,groups_010111
109,192,1.6150199557396363,0.0031622776601683,0.0003,1.193036999902688,groups_010111
110,193,1.6286394608780683,0.0031622776601683,0.0003,1.1032898749690505,groups_010111
111,195,1.637762691257255,0.0031622776601683,0.0003,1.1096085419412702,groups_010111
112,198,1.6304414238227956,0.0031622776601683,0.0003,1.0926819590386003,groups_010111
113,199,1.5994430055635782,0.0031622776601683,0.0003,1.1174120829673484,groups_010111
114,200,1.6193561500713245,0.0031622776601683,0.0003,1.1140585000393912,groups_010111
115,201,1.6326443264617243,0.0031622776601683,0.0003,1.108294375007972,groups_010111
1,1,1.4349639154966731,0.0031622776601683,0.001,1.117360124946572,groups_011011
2,2,1.4647601050336403,0.01,0.003,1.1844732910394669,groups_011011
3,3,1.426087999252056,0.01,0.003,1.1144872079603374,groups_011011
4,5,1.4624427431647884,0.01,0.003,1.115083166048862,groups_011011
5,6,1.4670449772120555,0.01,0.003,1.124173999996856,groups_011011
6,7,1.469354753498018,0.01,0.003,1.1207654579775408,groups_011011
7,8,1.4598963461486247,0.01,0.003,1.1329593339469284,groups_011011
8,9,1.4585497488115833,0.01,0.003,1.1088936669984832,groups_011011
9,12,1.4670627085861545,0.01,0.003,1.1544102499028668,groups_011011
10,13,1.438589408375388,0.01,0.003,1.138074207934551,groups_011011
11,14,1.4604810142973967,0.01,0.003,1.1377583750290796,groups_011011
12,15,1.450326196145469,0.01,0.003,1.137188542052172,groups_011011
13,16,1.467836182905226,0.0031622776601683,0.001,1.1472820830531418,groups_011011
14,17,1.4676301641631082,0.01,0.003,1.14017112494912,groups_011011
15,18,1.4734694343307029,0.01,0.003,1.147432875004597,groups_011011
16,19,1.4667984842123056,0.01,0.003,1.142925833002664,groups_011011
17,21,1.4814025355230234,0.0316227766016837,0.003,1.1580435410141945,groups_011011
18,22,1.4479957458067398,0.01,0.003,1.1720012079458684,groups_011011
19,23,1.432523449286771,0.0031622776601683,0.001,1.1772515829652548,groups_011011
20,24,1.5133803596873174,0.0316227766016837,0.003,1.166805624961853,groups_011011
21,25,1.5049860008218152,0.0316227766016837,0.003,1.1628338330192491,groups_011011
22,26,1.5105218212200786,0.0031622776601683,0.001,1.1572236670181155,groups_011011
23,27,1.503238121253872,0.0316227766016837,0.003,1.1555666249478236,groups_011011
24,28,1.496367935995268,0.0031622776601683,0.001,1.18066104198806,groups_011011
25,29,1.4946590829184525,0.0031622776601683,0.001,1.156994374934584,groups_011011
26,30,1.5035265642546891,0.0031622776601683,0.001,1.15682012506295,groups_011011
27,32,1.4985463009796145,0.0031622776601683,0.001,1.1474429171066731,groups_011011
28,34,1.4948336717219968,0.0031622776601683,0.001,1.1491813340689987,groups_011011
29,36,1.500988702997942,0.0031622776601683,0.001,1.1455921248998493,groups_011011
30,37,1.4971034552648288,0.0031622776601683,0.001,1.202112334081903,groups_011011
31,38,1.499396483045176,0.0031622776601683,0.001,1.1522183750057593,groups_011011
32,40,1.5106626660685067,0.0031622776601683,0.001,1.145228791050613,groups_011011
33,41,1.4761227219736788,0.0031622776601683,0.001,1.1378295419272035,groups_011011
34,43,1.5053512931555382,0.0031622776601683,0.001,1.155723207979463,groups_011011
35,44,1.5044911108664092,0.0031622776601683,0.001,1.1403786670416594,groups_011011
36,45,1.4984065579020556,0.0031622776601683,0.001,1.135800625081174,groups_011011
37,46,1.5089737824055711,0.0031622776601683,0.001,1.1666006669402122,groups_011011
38,49,1.5139237841193254,0.0031622776601683,0.001,1.126398125081323,groups_011011
39,50,1.5049198779742443,0.0031622776601683,0.001,1.1171032920246944,groups_011011
40,51,1.491229807263543,0.0031622776601683,0.001,1.1219799579121172,groups_011011
41,52,1.481519119906736,0.0031622776601683,0.001,1.1275267919991163,groups_011011
42,53,1.4859564593762384,0.0031622776601683,0.001,1.10715983400587,groups_011011
43,54,1.4801199979474908,0.0031622776601683,0.001,1.1007029170868918,groups_011011
44,55,1.48440741492295,0.0031622776601683,0.001,1.1059321659849957,groups_011011
45,56,1.4832836721980562,0.0031622776601683,0.001,1.1605972920078784,groups_011011
46,58,1.5237737040017996,0.0031622776601683,0.001,1.1066742079565302,groups_011011
47,59,1.5237917104462202,0.0031622776601683,0.001,1.0882582500344142,groups_011011
48,60,1.5283220667309956,0.0031622776601683,0.001,1.091473791981116,groups_011011
49,101,1.537132446557004,0.0031622776601683,0.001,1.0759034160291776,groups_011011
50,102,1.5372772240426025,0.0031622776601683,0.001,1.0879823340801522,groups_011011
51,104,1.5537995523245005,0.0031622776601683,0.001,1.0675399579340592,groups_011011
52,106,1.551448768878909,0.0031622776601683,0.001,1.0813355420250446,groups_011011
53,108,1.522552243482978,0.0031622776601683,0.001,1.064646375016309,groups_011011
54,109,1.5269658057224411,0.0031622776601683,0.001,1.0575225410284474,groups_011011
55,110,1.5475772693495993,0.0031622776601683,0.001,1.051700291922316,groups_011011
56,112,1.5514008542255853,0.0031622776601683,0.001,1.0855027079815045,groups_011011
57,113,1.5768162832856758,0.0031622776601683,0.001,1.1133309999713674,groups_011011
58,115,1.584923199953047,0.0031622776601683,0.001,1.0515223749680445,groups_011011
59,116,1.5273486864810035,0.01,0.003,1.0613018339499831,groups_011011
60,118,1.5750572135891208,0.0031622776601683,0.001,1.0399476250167936,groups_011011
61,119,1.5813175884400343,0.0031622776601683,0.001,1.0500148750143126,groups_011011
62,120,1.6315570427719306,0.0031622776601683,0.001,1.0596522919368,groups_011011
63,121,1.617248280705896,0.0031622776601683,0.001,1.04514212498907,groups_011011
64,122,1.6027367164395596,0.01,0.003,1.0360634579556065,groups_011011
65,124,1.6057305905453847,0.0031622776601683,0.001,1.0603579160524532,groups_011011
66,125,1.6105281245327083,0.0031622776601683,0.001,1.0665462920442224,groups_011011
67,126,1.597960765682095,0.01,0.003,1.0493175839073956,groups_011011
68,127,1.6185023341204243,0.01,0.003,1.0759559579892084,groups_011011
69,129,1.62453502505522,0.01,0.003,1.030551707954146,groups_011011
70,130,1.5871401087505044,0.01,0.003,1.0249812909169125,groups_011011
71,133,1.6093455235912812,0.0031622776601683,0.001,1.048118417034857,groups_011011
72,135,1.5943991838588294,0.0031622776601683,0.001,1.0396560829831287,groups_011011
73,137,1.5462948696815682,0.0031622776601683,0.001,1.039744000067003,groups_011011
74,138,1.6064155214228182,0.01,0.003,1.0262895829509944,groups_011011
75,139,1.6405430017670002,0.01,0.003,1.0554071660153568,groups_011011
76,140,1.6366658242271963,0.01,0.003,1.033709500101395,groups_011011
77,141,1.6302694472076285,0.01,0.003,1.03254124999512,groups_011011
78,142,1.6246367857895403,0.01,0.003,1.0118317500455305,groups_011011
79,144,1.579952194514565,0.01,0.003,1.0216895829653367,groups_011011
80,145,1.613861559165177,0.001,0.001,1.0157994580222294,groups_011011
81,146,1.6251511155325602,0.01,0.003,1.0060792500153184,groups_011011
82,147,1.6181014779502645,0.01,0.003,1.016954499995336,groups_011011
83,148,1.608221140322539,0.001,0.001,1.024258374935016,groups_011011
84,149,1.6198528279364923,0.0031622776601683,0.001,0.9976511659333482,groups_011011
85,150,1.608680639924143,0.01,0.003,1.009817750076763,groups_011011
86,151,1.5949906706446977,0.01,0.003,1.0165633329888806,groups_011011
87,153,1.60614600604783,0.001,0.001,1.0192192080430686,groups_011011
88,154,1.5995877248146295,0.001,0.001,0.9944602499017492,groups_011011
89,158,1.609076911031766,0.001,0.001,1.010721583967097,groups_011011
90,160,1.6088968071107934,0.0031622776601683,0.001,1.0516114589991048,groups_011011
91,165,1.5920978510553532,0.001,0.001,1.002928707981482,groups_011011
92,166,1.6002034498605455,0.001,0.001,1.010406749905087,groups_011011
93,167,1.6077104886911628,0.01,0.003,1.0146490829065442,groups_011011
94,169,1.5742132699489468,0.001,0.001,1.0211856249952689,groups_011011
95,170,1.572766699748622,0.001,0.001,1.008192375069484,groups_011011
96,171,1.56369512195864,0.001,0.001,1.0183538330020383,groups_011011
97,172,1.5755612489972597,0.001,0.001,1.002360750106163,groups_011011
98,173,1.5684480849480011,0.001,0.001,1.005440832930617,groups_011011
99,174,1.571949552297314,0.001,0.001,1.009475165978074,groups_011011
100,176,1.560837268995706,0.001,0.001,1.0090894169406963,groups_011011
101,178,1.5605217769239836,0.001,0.001,1.002775707980618,groups_011011
102,181,1.537868598566024,0.0031622776601683,0.001,0.9971737921005116,groups_011011
103,183,1.5206973648687645,0.0003162277660168,0.0003,1.0063537920359522,groups_011011
104,185,1.4999625236700338,0.0003162277660168,0.0003,1.0093672500224784,groups_011011
105,186,1.5121035596925505,0.0031622776601683,0.001,1.002547625103034,groups_011011
106,188,1.5204431756984098,0.0031622776601683,0.001,1.0129482079064474,groups_011011
107,190,1.513992542431546,0.0003162277660168,0.0003,1.052706875023432,groups_011011
108,191,1.523378840683907,0.0003162277660168,0.0003,0.988056333968416,groups_011011
109,192,1.5242872076095055,0.0003162277660168,0.0003,1.0164762500207871,groups_011011
110,193,1.5224958326783744,0.0003162277660168,0.0003,1.0175228329608217,groups_011011
111,195,1.5305458405865366,0.0003162277660168,0.0003,0.9955444170627744,groups_011011
112,198,1.526231439656836,0.0003162277660168,0.0003,1.0379769160645085,groups_011011
113,199,1.5239359369270329,0.0003162277660168,0.0003,0.9894251669757068,groups_011011
114,200,1.5310552854691375,0.0031622776601683,0.001,1.0084557919763029,groups_011011
115,201,1.5302066553932467,0.001,0.001,1.0154799580341205,groups_011011
1,1,1.4892004529325755,0.1,0.01,0.9910602910676972,groups_011101
2,2,1.509478225496893,0.1,0.01,1.0101424159947785,groups_011101
3,3,1.4628564418950885,0.1,0.01,1.0009566249791533,groups_011101
4,5,1.5018954779647862,0.1,0.01,0.9782677920302376,groups_011101
5,6,1.5085356158558656,0.1,0.01,0.9897307920036836,groups_011101
6,7,1.5113497219539995,0.1,0.01,0.9975389169994742,groups_011101
7,8,1.4990229347702315,0.1,0.01,0.9785312080057338,groups_011101
8,9,1.5051333722382676,0.1,0.01,0.9962533339858056,groups_011101
9,12,1.450307504299526,0.1,0.01,0.9702951249200852,groups_011101
10,13,1.5055814834210322,0.1,0.01,0.9849925830494612,groups_011101
11,14,1.474396537767148,0.1,0.01,0.9870005419943482,groups_011101
12,15,1.4797555289844022,0.1,0.01,0.9962534999940544,groups_011101
13,16,1.4792214532254158,0.1,0.01,0.9882396250031888,groups_011101
14,17,1.4962185098320888,0.1,0.01,0.9753182919230312,groups_011101
15,18,1.4878853687017468,0.1,0.01,0.9803057078970596,groups_011101
16,19,1.5017236838773256,0.1,0.01,0.9845727080246434,groups_011101
17,21,1.4934138604714309,0.1,0.01,0.984127040952444,groups_011101
18,22,1.498628968486106,0.1,0.01,0.982996250037104,groups_011101
19,23,1.4961079520658054,0.0316227766016837,0.003,1.013682167045772,groups_011101
20,24,1.5005943814987588,0.0316227766016837,0.003,0.9912079579662532,groups_011101
21,25,1.5124434773567048,0.1,0.01,0.9812824160326272,groups_011101
22,26,1.5267915802699896,0.0316227766016837,0.003,0.963825042010285,groups_011101
23,27,1.5131895651781124,0.1,0.01,0.976363208028488,groups_011101
24,28,1.513862546976437,0.1,0.01,0.974307374912314,groups_011101
25,29,1.5169777472324324,0.0316227766016837,0.003,0.9889104169560596,groups_011101
26,30,1.5079115540032784,0.0316227766016837,0.003,0.9678444579476492,groups_011101
27,32,1.5057935999206506,0.0316227766016837,0.003,0.9780799580039456,groups_011101
28,34,1.5060580816065543,0.0316227766016837,0.003,0.9848574579227716,groups_011101
29,36,1.4925642065343898,0.1,0.01,0.9989087920403108,groups_011101
30,37,1.4749001146831855,0.0316227766016837,0.003,0.984121875022538,groups_011101
31,38,1.4686244834632736,0.1,0.01,0.9854766669450328,groups_011101
32,40,1.4760117305427414,0.1,0.01,0.9945704590063542,groups_011101
33,41,1.4365967929997578,0.0316227766016837,0.003,0.973633834044449,groups_011101
34,43,1.4808090776240566,0.1,0.01,0.9773358749225736,groups_011101
35,44,1.473436003564382,0.1,0.01,0.9806048750178888,groups_011101
36,45,1.4703238762861652,0.1,0.01,0.986817334080115,groups_011101
37,46,1.4769633370798678,0.1,0.01,0.9778149590129032,groups_011101
38,49,1.469545810407094,0.0031622776601683,0.001,0.9832290000049396,groups_011101
39,50,1.4769947431303958,0.1,0.01,0.9711834159679712,groups_011101
40,51,1.472643942375906,0.1,0.01,0.9836437499616296,groups_011101
41,52,1.476664764337246,0.1,0.01,1.0196534590795636,groups_011101
42,53,1.470086617125557,0.1,0.01,0.98325291601941,groups_011101
43,54,1.4697388240545903,0.1,0.01,0.9774682919960468,groups_011101
44,55,1.470820095008109,0.1,0.01,0.993576250039041,groups_011101
45,56,1.4643860093709553,0.1,0.01,0.9774717920226976,groups_011101
46,58,1.515706173849175,0.0316227766016837,0.003,0.9844087499659508,groups_011101
47,59,1.512991754034765,0.0316227766016837,0.003,0.9835754999658092,groups_011101
48,60,1.510542031445961,0.0316227766016837,0.003,0.981806040974334,groups_011101
49,101,1.5164567844006114,0.0316227766016837,0.003,0.9779961250023916,groups_011101
50,102,1.5177591367687868,0.1,0.01,0.9767281250096858,groups_011101
51,104,1.5641371228927186,0.0316227766016837,0.003,0.995491417008452,groups_011101
52,106,1.5514433204245353,0.0316227766016837,0.003,0.9957710419548677,groups_011101
53,108,1.547940309356273,0.0316227766016837,0.003,0.9734263339778408,groups_011101
54,109,1.516142273422558,0.0316227766016837,0.003,0.9806370839942248,groups_011101
55,110,1.571679200239495,0.1,0.01,0.9813120419858024,groups_011101
56,112,1.5695103633899294,0.0316227766016837,0.003,0.9994542920030652,groups_011101
57,113,1.587540392624461,0.1,0.01,0.9843300830107182,groups_011101
58,115,1.5581821945498828,0.1,0.01,0.98230654199142,groups_011101
59,116,1.5758181042278032,0.1,0.01,0.9707695830147712,groups_011101
60,118,1.5798721266455509,0.1,0.01,0.9947983749443664,groups_011101
61,119,1.5619070809771498,0.1,0.01,0.98700245807413,groups_011101
62,120,1.6029373266802809,0.1,0.01,0.9906238339608536,groups_011101
63,121,1.599013058920976,0.1,0.01,1.0076962079619989,groups_011101
64,122,1.5342408571623285,0.1,0.01,0.9997148750117048,groups_011101
65,124,1.6047739588286396,0.1,0.01,0.9785818749805912,groups_011101
66,125,1.6060936267576025,0.1,0.01,0.9850389999337494,groups_011101
67,126,1.602040993122652,0.1,0.01,1.009404957992956,groups_011101
68,127,1.5985780081650212,0.1,0.01,1.0035284589976072,groups_011101
69,129,1.5947972067978928,0.1,0.01,0.989408832974732,groups_011101
70,130,1.5829066277082735,0.1,0.01,0.9885712920222433,groups_011101
71,133,1.5652057444985683,0.1,0.01,0.9891915000043808,groups_011101
72,135,1.5859145539703332,0.1,0.01,0.9876982079586014,groups_011101
73,137,1.5811493370306309,0.1,0.01,1.035340707981959,groups_011101
74,138,1.610719026481164,0.1,0.01,0.9840789580484852,groups_011101
75,139,1.6169430581629196,0.1,0.01,0.9907217499567196,groups_011101
76,140,1.6141725339461614,0.1,0.01,1.0111097919289025,groups_011101
77,141,1.5912365334434884,0.1,0.01,1.000947791035287,groups_011101
78,142,1.61341641381598,0.1,0.01,0.9938667910173536,groups_011101
79,144,1.5998723437784204,0.1,0.01,0.999895834014751,groups_011101
80,145,1.5920645108029745,0.1,0.01,1.0054330000421032,groups_011101
81,146,1.6067754377131378,0.1,0.01,0.9980883329408244,groups_011101
82,147,1.5823517526567077,0.1,0.01,1.0901922499760983,groups_011101
83,148,1.6014206109335871,0.1,0.01,1.0100926669547334,groups_011101
84,149,1.602856318256337,0.1,0.01,1.0193162090145051,groups_011101
85,150,1.60785530000508,0.1,0.01,1.0364512079395354,groups_011101
86,151,1.5918894816635991,0.01,0.003,0.9991645420668648,groups_011101
87,153,1.587094435366461,0.1,0.01,1.0145677500404418,groups_011101
88,154,1.60105042658799,0.1,0.01,0.9991678749211133,groups_011101
89,158,1.603531088773235,0.1,0.01,1.0069587921025231,groups_011101
90,160,1.603481508007712,0.1,0.01,1.0008802498923617,groups_011101
91,165,1.6040802676169723,0.1,0.01,1.008325207978487,groups_011101
92,166,1.5984861197039322,0.1,0.01,1.009116624947637,groups_011101
93,167,1.609368123928672,0.1,0.01,0.999493791954592,groups_011101
94,169,1.5816267269216888,0.1,0.01,1.0016632080078125,groups_011101
95,170,1.617264477034474,0.0316227766016837,0.003,1.0039162919856608,groups_011101
96,171,1.6138123651498513,0.0316227766016837,0.003,0.9929932919330896,groups_011101
97,172,1.6169760299328813,0.0316227766016837,0.003,1.0078188331099227,groups_011101
98,173,1.6117459408170836,0.0316227766016837,0.003,1.0108048749389127,groups_011101
99,174,1.6116551085524855,0.0316227766016837,0.003,1.0288095000432804,groups_011101
100,176,1.6228100231747555,0.0031622776601683,0.001,0.9958007080713288,groups_011101
101,178,1.6236295010108437,0.0031622776601683,0.001,1.011971207917668,groups_011101
102,181,1.5914331900912169,0.0031622776601683,0.001,0.9999355000909418,groups_011101
103,183,1.6144662909764511,0.0316227766016837,0.003,0.9881960829952732,groups_011101
104,185,1.5818738534014167,0.0316227766016837,0.003,0.9958837919402868,groups_011101
105,186,1.595246067229641,0.01,0.001,1.0155579999554902,groups_011101
106,188,1.593073841741613,0.0316227766016837,0.003,1.0134809999726713,groups_011101
107,190,1.5628724776021012,0.0031622776601683,0.001,1.030226333066821,groups_011101
108,191,1.593735706316375,0.0316227766016837,0.003,1.001056625042111,groups_011101
109,192,1.5936307648162946,0.0031622776601683,0.001,1.0001742499880493,groups_011101
110,193,1.591664878444495,0.0031622776601683,0.001,1.0088494170922786,groups_011101
111,195,1.5993535637605936,0.0316227766016837,0.003,1.0185741670429709,groups_011101
112,198,1.5900121594704313,0.0031622776601683,0.001,1.0243708749767393,groups_011101
113,199,1.5884902888549883,0.0316227766016837,0.003,1.0351002500392497,groups_011101
114,200,1.591265513454074,0.0031622776601683,0.001,1.0305716251023114,groups_011101
115,201,1.5943860547182065,0.01,0.003,1.0387952500022948,groups_011101
1,1,1.5503013990822057,0.3162277660168379,0.01,1.0428367499262094,groups_011110
2,2,1.5395465539878967,0.3162277660168379,0.01,1.0898823749739677,groups_011110
3,3,1.5206056885243973,0.1,0.01,1.0410574169363829,groups_011110
4,5,1.5547567745298356,0.1,0.01,1.037849416024983,groups_011110
5,6,1.5611387647567567,0.3162277660168379,0.01,1.059804999968037,groups_011110
6,7,1.562201084174667,0.3162277660168379,0.01,1.094670124934055,groups_011110
7,8,1.5608834157233686,0.3162277660168379,0.01,1.0786339590558782,groups_011110
8,9,1.5726522506125404,0.3162277660168379,0.01,1.022476915968582,groups_011110
9,12,1.5235457239889365,0.3162277660168379,0.01,1.0440364590613171,groups_011110
10,13,1.5595216909934555,0.3162277660168379,0.01,1.0472712500486523,groups_011110
11,14,1.5455701427621509,0.1,0.01,1.0348643750185147,groups_011110
12,15,1.5625175836274277,0.1,0.01,1.0114686250453817,groups_011110
13,16,1.5526999889590174,0.1,0.01,1.014615042018704,groups_011110
14,17,1.5614493341517213,0.3162277660168379,0.01,1.042075042030774,groups_011110
15,18,1.5574334070800129,0.3162277660168379,0.01,1.0135514579014853,groups_011110
16,19,1.558190200020691,0.3162277660168379,0.01,1.012526375008747,groups_011110
17,21,1.492410413196347,0.1,0.01,1.0100307080429047,groups_011110
18,22,1.56329264275595,0.3162277660168379,0.01,1.0148990830639375,groups_011110
19,23,1.5598960555466064,0.3162277660168379,0.01,1.0032778750173748,groups_011110
20,24,1.579289087127278,0.3162277660168379,0.01,1.0033893340732902,groups_011110
21,25,1.570276029317789,0.1,0.01,1.0102364160120487,groups_011110
22,26,1.590826015641787,0.3162277660168379,0.01,1.006817875080742,groups_011110
23,27,1.557812238520902,0.3162277660168379,0.01,1.017044625012204,groups_011110
24,28,1.584813979597088,0.3162277660168379,0.01,1.0088329589925706,groups_011110
25,29,1.5761521583997915,0.3162277660168379,0.01,1.01941970793996,groups_011110
26,30,1.57735840764879,0.3162277660168379,0.01,1.0145986250136048,groups_011110
27,32,1.575494867197223,0.3162277660168379,0.01,1.0055715830530971,groups_011110
28,34,1.5749697799775009,0.3162277660168379,0.01,1.0098809159826487,groups_011110
29,36,1.572396292953833,0.3162277660168379,0.01,1.0153963749762625,groups_011110
30,37,1.5522124988783548,0.3162277660168379,0.01,1.005950333084911,groups_011110
31,38,1.5499283613803851,0.3162277660168379,0.01,1.0210613750386983,groups_011110
32,40,1.5540304447742386,0.3162277660168379,0.01,1.014437083969824,groups_011110
33,41,1.5157581996967089,0.3162277660168379,0.01,1.0140449999598786,groups_011110
34,43,1.561332370226717,0.3162277660168379,0.01,1.0173831670545042,groups_011110
35,44,1.546445922305972,0.1,0.01,1.029386957990937,groups_011110
36,45,1.5510534022088245,0.3162277660168379,0.01,1.0351232909597456,groups_011110
37,46,1.5489034316193575,0.1,0.01,1.0021379999816418,groups_011110
38,49,1.5607849792963289,0.3162277660168379,0.01,0.9992868329863996,groups_011110
39,50,1.5596276740498682,0.3162277660168379,0.01,1.0361869159387425,groups_011110
40,51,1.5461492884985653,0.3162277660168379,0.01,1.0234932500170544,groups_011110
41,52,1.5463581884995738,0.3162277660168379,0.01,0.998218542081304,groups_011110
42,53,1.5113006622785916,0.1,0.01,1.0091088749468329,groups_011110
43,54,1.5306147344526422,0.1,0.01,1.0164284580387175,groups_011110
44,55,1.5263191998998855,0.1,0.01,1.0138831249205396,groups_011110
45,56,1.5343109679439837,0.1,0.01,1.0039508329937237,groups_011110
46,58,1.5562329803538275,0.1,0.01,1.0420154170133171,groups_011110
47,59,1.5517722243652428,0.1,0.01,1.021003791014664,groups_011110
48,60,1.5590315975844762,0.1,0.01,1.016870875027962,groups_011110
49,101,1.5696279190174849,0.1,0.01,1.0144479590235278,groups_011110
50,102,1.5605774407224275,0.3162277660168379,0.01,1.0131614999845624,groups_011110
51,104,1.588049577375245,0.3162277660168379,0.01,1.0085815830389038,groups_011110
52,106,1.5934291908332932,0.3162277660168379,0.01,1.0130963339470327,groups_011110
53,108,1.557059350537508,0.1,0.003,1.0077466670190915,groups_011110
54,109,1.5388337127961684,0.1,0.003,1.0044770420063287,groups_011110
55,110,1.6002737504804274,0.3162277660168379,0.01,1.012007375014946,groups_011110
56,112,1.6034809447723213,0.3162277660168379,0.01,1.0085025830194354,groups_011110
57,113,1.607785544142379,0.3162277660168379,0.01,1.033661541994661,groups_011110
58,115,1.563126009846037,0.3162277660168379,0.01,0.9975710000144318,groups_011110
59,116,1.5990776744768995,0.3162277660168379,0.01,0.999803917016834,groups_011110
60,118,1.5933036243345646,0.3162277660168379,0.01,1.0168751659803092,groups_011110
61,119,1.603772257991507,0.3162277660168379,0.01,1.0024727910058573,groups_011110
62,120,1.5805446203904991,0.3162277660168379,0.01,1.0095038749277592,groups_011110
63,121,1.5841570085977947,0.3162277660168379,0.01,1.0074863330228254,groups_011110
64,122,1.5335056915955367,0.1,0.01,1.0480637500295416,groups_011110
65,124,1.5619379774224167,0.1,0.01,1.0170159579720348,groups_011110
66,125,1.5608414300605122,0.1,0.01,1.0174737909110263,groups_011110
67,126,1.5587735785619157,0.1,0.01,1.004453666973859,groups_011110
68,127,1.555003791691375,0.3162277660168379,0.01,1.007898333016783,groups_011110
69,129,1.5595828321973129,0.3162277660168379,0.01,0.9976082500070332,groups_011110
70,130,1.5503216655431902,0.1,0.01,1.0283954170299694,groups_011110
71,133,1.5306302995336436,0.3162277660168379,0.01,1.012555707944557,groups_011110
72,135,1.5517970235509746,0.1,0.01,1.0171957080019638,groups_011110
73,137,1.5507825102912085,0.1,0.01,1.01382500003092,groups_011110
74,138,1.571622499952238,0.1,0.01,1.0180000000400469,groups_011110
75,139,1.599217431621237,0.3162277660168379,0.01,1.019473750027828,groups_011110
76,140,1.5990913242356577,0.3162277660168379,0.01,1.0142408329993486,groups_011110
77,141,1.582256023310198,0.3162277660168379,0.01,1.0050685830647126,groups_011110
78,142,1.5908293459443097,0.3162277660168379,0.01,1.0122275419998914,groups_011110
79,144,1.561501502751392,0.3162277660168379,0.01,1.0192228750092909,groups_011110
80,145,1.5939416838697815,0.3162277660168379,0.01,1.0324897079262882,groups_011110
81,146,1.6032258256816203,0.3162277660168379,0.01,1.0098862079903483,groups_011110
82,147,1.594075563020741,0.3162277660168379,0.01,1.015795666957274,groups_011110
83,148,1.603464456412415,0.3162277660168379,0.01,1.022803792031482,groups_011110
84,149,1.6002339657382545,0.3162277660168379,0.01,1.027392124990001,groups_011110
85,150,1.596368439011929,0.3162277660168379,0.01,1.012279334012419,groups_011110
86,151,1.602543293924955,0.3162277660168379,0.01,1.014197792042978,groups_011110
87,153,1.59284615108601,0.3162277660168379,0.01,1.0191633339272812,groups_011110
88,154,1.616043934102486,0.3162277660168379,0.01,1.0224302499555051,groups_011110
89,158,1.620466171532589,0.3162277660168379,0.01,1.0179810000117868,groups_011110
90,160,1.618878628972659,0.3162277660168379,0.01,0.9990789589937776,groups_011110
91,165,1.613736826268234,0.3162277660168379,0.01,1.029722583014518,groups_011110
92,166,1.6083797150950048,0.3162277660168379,0.01,1.0482725420733914,groups_011110
93,167,1.6051536727449858,0.3162277660168379,0.01,1.002166207996197,groups_011110
94,169,1.592051449999747,0.3162277660168379,0.01,1.009925749967806,groups_011110
95,170,1.605539901523007,0.3162277660168379,0.01,1.0216324590146542,groups_011110
96,171,1.602716881534618,0.3162277660168379,0.01,1.0158766249660405,groups_011110
97,172,1.6062533481300618,0.3162277660168379,0.01,1.0175184160470965,groups_011110
98,173,1.6057767447307751,0.3162277660168379,0.01,1.0096876659663394,groups_011110
99,174,1.5974142831602247,0.3162277660168379,0.01,1.020136500010267,groups_011110
100,176,1.6026439113545687,0.3162277660168379,0.01,1.0189449589233843,groups_011110
101,178,1.6028792950306254,0.3162277660168379,0.01,1.015959875076078,groups_011110
102,181,1.598480017493504,0.3162277660168379,0.01,1.0469824590254575,groups_011110
103,183,1.5939162783916847,0.1,0.003,1.0227138749323783,groups_011110
104,185,1.5866766896757118,0.1,0.003,1.0221370829967782,groups_011110
105,186,1.5902518331762834,0.1,0.003,1.0141046249773351,groups_011110
106,188,1.5948798879313943,0.1,0.003,1.0151037920732051,groups_011110
107,190,1.5871247487520976,0.3162277660168379,0.01,1.0191785410279408,groups_011110
108,191,1.5962026174614274,0.1,0.003,1.0000157919712365,groups_011110
109,192,1.5937879190765367,0.1,0.003,1.021680666017346,groups_011110
110,193,1.6006721512940962,0.1,0.003,1.013870625058189,groups_011110
111,195,1.594501704165245,0.1,0.003,1.012597499997355,groups_011110
112,198,1.597598425790808,0.1,0.003,1.0153211249271408,groups_011110
113,199,1.5952866029835593,0.1,0.003,1.0342910829931498,groups_011110
114,200,1.5964832669302518,0.1,0.003,1.0140322500374168,groups_011110
115,201,1.5640541504407852,0.1,0.003,1.0095849999925122,groups_011110
1,1,1.6416200544077684,0.01,0.003,0.9941540829604492,groups_001011
2,2,1.640068793883034,0.01,0.003,1.0694280830211935,groups_001011
3,3,1.59197289332244,0.01,0.003,1.0213719999883324,groups_001011
4,5,1.6590102492667105,0.01,0.003,1.0157635840587318,groups_001011
5,6,1.6543074741509174,0.01,0.003,0.986955750035122,groups_001011
6,7,1.6579782772624108,0.01,0.003,1.000214707921259,groups_001011
7,8,1.6674675619892112,0.01,0.003,0.9956882919650524,groups_001011
8,9,1.6599515266346423,0.0031622776601683,0.001,1.0248022080631929,groups_001011
9,12,1.6744797560497693,0.0031622776601683,0.001,1.0429758749669418,groups_001011
10,13,1.6607088544621895,0.01,0.003,1.1005712499609217,groups_001011
11,14,1.6593858142970144,0.01,0.003,1.0158270410029218,groups_001011
12,15,1.661339869163068,0.01,0.003,1.005012792069465,groups_001011
13,16,1.658396173849822,0.01,0.003,1.006271917023696,groups_001011
14,17,1.6569024253163895,0.01,0.003,1.0147681669332087,groups_001011
15,18,1.660001577857328,0.01,0.003,1.006466708960943,groups_001011
16,19,1.652434321208633,0.01,0.003,1.024404457886703,groups_001011
17,21,1.655479908345493,0.01,0.003,1.0078403330408037,groups_001011
18,22,1.6364029685190196,0.01,0.003,0.999129791976884,groups_001011
19,23,1.640722464083296,0.01,0.003,1.005532999988645,groups_001011
20,24,1.651479128363048,0.0031622776601683,0.001,1.008777750073932,groups_001011
21,25,1.6530882213710016,0.0031622776601683,0.001,0.9963649170240388,groups_001011
22,26,1.656658894075084,0.0031622776601683,0.001,1.004427499952726,groups_001011
23,27,1.659692130220965,0.0031622776601683,0.001,1.0012051250087095,groups_001011
24,28,1.6586741588249443,0.01,0.003,1.012319832923822,groups_001011
25,29,1.6549925189940036,0.0031622776601683,0.001,1.0316925409715625,groups_001011
26,30,1.650568074624811,0.0031622776601683,0.001,1.0215245420113206,groups_001011
27,32,1.6564660336142618,0.01,0.003,1.0070812079356983,groups_001011
28,34,1.6553120573460545,0.0031622776601683,0.001,1.0079023750731722,groups_001011
29,36,1.6568487985678495,0.0031622776601683,0.001,1.0080230840248987,groups_001011
30,37,1.6551793334902651,0.0031622776601683,0.001,1.0176378750475124,groups_001011
31,38,1.661392193110225,0.01,0.003,1.0414597910130396,groups_001011
32,40,1.670742514827619,0.01,0.003,1.0090804169885814,groups_001011
33,41,1.660849107407687,0.01,0.003,1.0080188340507448,groups_001011
34,43,1.6743103258731646,0.01,0.003,1.0059261659625918,groups_001011
35,44,1.6753711312010016,0.01,0.003,1.0004146670689806,groups_001011
36,45,1.6713941533045034,0.01,0.003,1.0120848340447992,groups_001011
37,46,1.6472637654369442,0.01,0.003,1.026071082917042,groups_001011
38,49,1.666857850628886,0.01,0.003,1.0042649579700085,groups_001011
39,50,1.6712076759467884,0.01,0.003,0.99990275001619,groups_001011
40,51,1.6672176599143598,0.01,0.003,1.0019049999536946,groups_001011
41,52,1.664590988229235,0.01,0.003,1.011307333013974,groups_001011
42,53,1.6796558292278423,0.01,0.003,1.0074093339499086,groups_001011
43,54,1.6715336677245394,0.01,0.003,1.0083371249493212,groups_001011
44,55,1.6682008523731775,0.01,0.003,1.011684708064422,groups_001011
45,56,1.697127767034287,0.01,0.003,1.0015825419686737,groups_001011
46,58,1.7307199985834052,0.01,0.003,1.0245642089284956,groups_001011
47,59,1.719022349693886,0.01,0.003,1.001459332997911,groups_001011
48,60,1.7275694995954138,0.01,0.003,1.0180555830011144,groups_001011
49,101,1.7350803447230927,0.01,0.003,1.000016791978851,groups_001011
50,102,1.7334642744369684,0.01,0.003,1.004988958942704,groups_001011
51,104,1.7211879027021406,0.01,0.003,0.9982940830523148,groups_001011
52,106,1.7186315621135726,0.01,0.003,1.004136959090829,groups_001011
53,108,1.6775341188783044,0.01,0.003,1.0419033749494702,groups_001011
54,109,1.7115681725310554,0.01,0.003,1.0018452500225976,groups_001011
55,110,1.7060323389238323,0.01,0.003,1.0114310410572216,groups_001011
56,112,1.720193507662604,0.01,0.003,1.0266396671067923,groups_001011
57,113,1.7243699034987874,0.01,0.003,1.0078483340330422,groups_001011
58,115,1.7239661296389424,0.01,0.003,1.0178378330310809,groups_001011
59,116,1.6523334638345004,0.0316227766016837,0.01,1.0015424999874083,groups_001011
60,118,1.7156799888350345,0.01,0.003,1.0276383339660242,groups_001011
61,119,1.7153352242549271,0.01,0.003,1.0202627080725506,groups_001011
62,120,1.7486631256466814,0.01,0.003,1.0075267920037732,groups_001011
63,121,1.7443816839514443,0.01,0.003,1.0486712499987334,groups_001011
64,122,1.7413303094832009,0.1,0.01,1.0025589590659365,groups_001011
65,124,1.7281464353737055,0.01,0.003,1.0070788329467175,groups_001011
66,125,1.744737946836504,0.01,0.003,1.016284791985527,groups_001011
67,126,1.713300348027025,0.01,0.003,1.0011635420378298,groups_001011
68,127,1.752915053790206,0.01,0.003,1.0251558750169352,groups_001011
69,129,1.7519148369013755,0.01,0.003,1.0175220840610564,groups_001011
70,130,1.734956721821027,0.01,0.003,1.0535029999446124,groups_001011
71,133,1.733940389015008,0.01,0.003,1.0000746250152588,groups_001011
72,135,1.7320830650236008,0.01,0.003,1.0125594589626417,groups_001011
73,137,1.6961713416054909,0.01,0.003,1.0207044160924852,groups_001011
74,138,1.696780957477921,0.01,0.003,1.0333660000469536,groups_001011
75,139,1.7409239537335932,0.01,0.003,1.0417609160067514,groups_001011
76,140,1.742070953671083,0.01,0.003,1.0084796670125795,groups_001011
77,141,1.7448723416261107,0.01,0.003,1.0116835000226274,groups_001011
78,142,1.7178022787995708,0.01,0.003,1.013276542071253,groups_001011
79,144,1.692319409801228,0.01,0.003,1.005038334056735,groups_001011
80,145,1.7052759493249203,0.01,0.003,1.0240252080839127,groups_001011
81,146,1.732081686238177,0.01,0.003,1.0064750839956105,groups_001011
82,147,1.7431397657103749,0.01,0.003,1.0074405840132383,groups_001011
83,148,1.7240503317242146,0.01,0.003,1.0027086249319836,groups_001011
84,149,1.7263207467759636,0.01,0.003,1.0253777500474826,groups_001011
85,150,1.7231401643671191,0.01,0.003,1.0934876250103116,groups_001011
86,151,1.7354490522198125,0.01,0.003,1.008408457972109,groups_001011
87,153,1.7486286115537948,0.01,0.003,1.003455042024143,groups_001011
88,154,1.741882973994355,0.01,0.003,1.0480479589896277,groups_001011
89,158,1.7519521843011905,0.01,0.003,1.003362249932252,groups_001011
90,160,1.7529017828374325,0.01,0.003,1.0114654999924824,groups_001011
91,165,1.7196024330556456,0.01,0.003,1.0046011250233278,groups_001011
92,166,1.7388257446652455,0.01,0.003,1.0111230000620708,groups_001011
93,167,1.7354758715553311,0.01,0.003,1.0736093340674415,groups_001011
94,169,1.7355514826037748,0.01,0.003,1.0197797919390723,groups_001011
95,170,1.7380646769943375,0.01,0.003,1.0079816249199212,groups_001011
96,171,1.7397906433546155,0.01,0.003,1.043070457992144,groups_001011
97,172,1.7449332696483684,0.01,0.003,1.015697667025961,groups_001011
98,173,1.7390705810250449,0.01,0.003,1.0099534170003608,groups_001011
99,174,1.738026599441887,0.01,0.003,1.019147041020915,groups_001011
100,176,1.743197988129367,0.01,0.003,1.017408874933608,groups_001011
101,178,1.740615340240698,0.01,0.003,1.023641958949156,groups_001011
102,181,1.7257680063074543,0.01,0.003,1.004578375024721,groups_001011
103,183,1.71275643357141,0.01,0.003,1.015148124890402,groups_001011
104,185,1.6980817247334166,0.01,0.003,1.0143277499591932,groups_001011
105,186,1.775003870484427,0.01,0.003,1.0106423329561949,groups_001011
106,188,1.7700156610478044,0.01,0.003,1.0035050419392064,groups_001011
107,190,1.7698359807916688,0.01,0.003,1.0111597500508651,groups_001011
108,191,1.7873645786919008,0.01,0.003,1.007438457920216,groups_001011
109,192,1.7676787249932593,0.01,0.003,1.0260442500002682,groups_001011
110,193,1.7899928816996924,0.0031622776601683,0.001,1.025090084061958,groups_001011
111,195,1.784831258323459,0.01,0.003,1.0136773749254644,groups_001011
112,198,1.7858708549158024,0.01,0.003,1.0140322500374168,groups_001011
113,199,1.7899343035753226,0.01,0.003,1.020047500031069,groups_001011
114,200,1.7939537975272253,0.01,0.003,1.0084120840765536,groups_001011
115,201,1.7731977365959226,0.01,0.003,1.0060640409355983,groups_001011
1,1,1.708638557596296,0.1,0.01,1.0363433749880642,groups_010011
2,2,1.699666884389762,0.1,0.01,1.35399504203815,groups_010011
3,3,1.692829705293433,0.1,0.01,1.0364624169887977,groups_010011
4,5,1.7203360693032397,0.1,0.01,1.0530514169950038,groups_010011
5,6,1.7121002121228612,0.1,0.01,1.0421912079909816,groups_010011
6,7,1.7020119144120749,0.1,0.01,1.0354865420376882,groups_010011
7,8,1.6959676831290724,0.0316227766016837,0.003,1.026285625062883,groups_010011
8,9,1.7384336287363984,0.0316227766016837,0.003,1.0309292909223586,groups_010011
9,12,1.7415784460794856,0.1,0.01,1.034994792076759,groups_010011
10,13,1.692501843594883,0.0316227766016837,0.003,1.216007124981843,groups_010011
11,14,1.7269048026009608,0.1,0.01,1.0547969589242712,groups_010011
12,15,1.728558699020517,0.1,0.01,1.0293223339831457,groups_010011
13,16,1.712274828912377,0.0316227766016837,0.003,1.0243168749148026,groups_010011
14,17,1.7264724873320625,0.1,0.01,1.0357897920766843,groups_010011
15,18,1.699146724728212,0.1,0.01,1.0454377079149708,groups_010011
16,19,1.6975307212005752,0.1,0.01,1.0521504170028493,groups_010011
17,21,1.7170654632164184,0.1,0.01,1.0580431249691171,groups_010011
18,22,1.7068963252882938,0.1,0.01,1.0254152080742642,groups_010011
19,23,1.684380395443919,0.1,0.01,1.037017791997641,groups_010011
20,24,1.7733266007395128,0.1,0.01,1.0448608750011772,groups_010011
21,25,1.7622805716060097,0.1,0.01,1.0204383749514818,groups_010011
22,26,1.761610969496442,0.1,0.01,1.0205289999721572,groups_010011
23,27,1.769024541541869,0.1,0.01,1.0281711670104414,groups_010011
24,28,1.769979783468399,0.1,0.01,1.0192992080701515,groups_010011
25,29,1.760133194745469,0.1,0.003,1.025659375009127,groups_010011
26,30,1.7734167339930076,0.1,0.01,1.056055249995552,groups_010011
27,32,1.771921285279907,0.1,0.01,1.033832374960184,groups_010011
28,34,1.7625714003515316,0.1,0.01,1.0411993340821937,groups_010011
29,36,1.7866539428117532,0.1,0.003,1.0208534580888229,groups_010011
30,37,1.7790270626866227,0.1,0.003,1.007385207922198,groups_010011
31,38,1.7669159897750109,0.1,0.01,1.0282899170415476,groups_010011
32,40,1.7818626590027278,0.1,0.003,1.0732429169584066,groups_010011
33,41,1.7601609778753051,0.1,0.01,1.0365025420906022,groups_010011
34,43,1.7888623949494002,0.1,0.003,1.0218057910678908,groups_010011
35,44,1.7686032685348774,0.1,0.01,1.0290434170747176,groups_010011
36,45,1.7697762027757185,0.1,0.01,1.079643791075796,groups_010011
37,46,1.7791188688156396,0.1,0.003,1.07511312502902,groups_010011
38,49,1.7825373651574627,0.1,0.003,1.054030790925026,groups_010011
39,50,1.7771267124516203,0.1,0.01,1.0647163330577314,groups_010011
40,51,1.7710278155152743,0.0316227766016837,0.001,1.084076458006166,groups_010011
41,52,1.7631373600246418,0.0316227766016837,0.003,1.048851834028028,groups_010011
42,53,1.7573070927243886,0.0316227766016837,0.003,1.0322342499857768,groups_010011
43,54,1.745383553030572,0.1,0.01,1.0446269999956712,groups_010011
44,55,1.7604585940209032,0.0316227766016837,0.003,1.0292561670066789,groups_010011
45,56,1.7553906995992836,0.1,0.01,1.0295352500397712,groups_010011
46,58,1.7753763634635962,0.1,0.01,1.0412399999331683,groups_010011
47,59,1.77303130245341,0.1,0.01,1.1282574998913333,groups_010011
48,60,1.778560260321863,0.1,0.01,1.180536292027682,groups_010011
49,101,1.7790444906619431,0.1,0.01,1.070016875048168,groups_010011
50,102,1.774769077927161,0.1,0.01,1.0370301670627668,groups_010011
51,104,1.7885879741758506,0.1,0.01,1.0227951660053805,groups_010011
52,106,1.8084537005324013,0.0316227766016837,0.003,1.0388494589133188,groups_010011
53,108,1.7807666588370796,0.0316227766016837,0.003,1.046328958007507,groups_010011
54,109,1.7767226660907325,0.1,0.003,1.0324268749682233,groups_010011
55,110,1.808673873600938,0.1,0.01,1.0366576670203358,groups_010011
56,112,1.786313468838124,0.0316227766016837,0.003,1.042398541001603,groups_010011
57,113,1.805852158364886,0.1,0.01,1.0329644170124084,groups_010011
58,115,1.8132308435805728,0.1,0.01,1.0390854580327868,groups_010011
59,116,1.7615432228860053,0.1,0.01,1.035723750013858,groups_010011
60,118,1.8041366972003592,0.1,0.01,1.041207249974832,groups_010011
61,119,1.811676650229459,0.1,0.01,1.0295023750513792,groups_010011
62,120,1.847672069738681,0.1,0.003,1.0231871249852702,groups_010011
63,121,1.847850149686945,0.1,0.003,1.016967625007965,groups_010011
64,122,1.834766680926153,0.1,0.003,1.0777928750030696,groups_010011
65,124,1.856245470316155,0.1,0.003,1.0192477089585736,groups_010011
66,125,1.848468524714808,0.1,0.01,1.0236138340551406,groups_010011
67,126,1.8665692421362112,0.1,0.01,1.028158458066173,groups_010011
68,127,1.860667979624624,0.1,0.003,1.0420696249930188,groups_010011
69,129,1.865153537148727,0.1,0.003,1.0585212500300258,groups_010011
70,130,1.837720256951059,0.1,0.01,1.0332166249863803,groups_010011
71,133,1.8431887789721664,0.1,0.003,1.0217736249323934,groups_010011
72,135,1.855940651161772,0.1,0.003,1.0195937079843134,groups_010011
73,137,1.8478834710798455,0.1,0.003,1.023690624977462,groups_010011
74,138,1.894982752235824,0.1,0.003,1.0630636250134555,groups_010011
75,139,1.904838693793132,0.1,0.003,1.024330500047654,groups_010011
76,140,1.8946788651431712,0.1,0.003,1.039435625076294,groups_010011
77,141,1.8898519031782064,0.1,0.003,1.013758582994342,groups_010011
78,142,1.8971863875920256,0.1,0.003,1.0201320839114487,groups_010011
79,144,1.8563808556682184,0.1,0.003,1.0271202499279752,groups_010011
80,145,1.885482314952203,0.1,0.003,1.036075042095035,groups_010011
81,146,1.8698788427175437,0.1,0.003,1.0362531250575555,groups_010011
82,147,1.878043241520791,0.1,0.003,1.0227194170001894,groups_010011
83,148,1.8749859975670076,0.1,0.003,1.0359272089553997,groups_010011
84,149,1.8781787674722492,0.1,0.003,1.038217541994527,groups_010011
85,150,1.8707860353994552,0.1,0.003,1.042701291968115,groups_010011
86,151,1.8544068496915376,0.1,0.003,1.0481767499586567,groups_010011
87,153,1.8776223771747884,0.1,0.003,1.0253432500176132,groups_010011
88,154,1.8856864766969863,0.1,0.003,1.028831125004217,groups_010011
89,158,1.8885267080222392,0.1,0.003,1.0318213329883292,groups_010011
90,160,1.8797430299889115,0.0316227766016837,0.001,1.0139323340263218,groups_010011
91,165,1.8898575478921096,0.1,0.003,1.0370562090538442,groups_010011
92,166,1.884352839250807,0.1,0.003,1.061335833044723,groups_010011
93,167,1.8814234469050009,0.1,0.003,1.0283869580598548,groups_010011
94,169,1.832182867904015,0.1,0.003,1.03235991706606,groups_010011
95,170,1.850698978450393,0.1,0.01,1.031490624998696,groups_010011
96,171,1.8601643713010223,0.1,0.01,1.0283436250174418,groups_010011
97,172,1.859331336560318,0.1,0.01,1.023948457906954,groups_010011
98,173,1.849603084467029,0.0316227766016837,0.01,1.03155595890712,groups_010011
99,174,1.8627290035327744,0.0316227766016837,0.001,1.0313886670628565,groups_010011
100,176,1.866121136044403,0.0316227766016837,0.003,1.0183865419821814,groups_010011
101,178,1.8687061033613075,0.0316227766016837,0.003,1.0359767909394575,groups_010011
102,181,1.8128702099342455,0.0031622776601683,0.0003,1.0240890409331769,groups_010011
103,183,1.8070670280594932,0.0031622776601683,0.0003,1.0392800830304625,groups_010011
104,185,1.805628857341243,0.0031622776601683,0.0003,1.0339445419376716,groups_010011
105,186,1.7938296751278238,0.0031622776601683,0.0003,1.064089332940057,groups_010011
106,188,1.7765878493279252,0.0031622776601683,0.0003,1.0325515830190852,groups_010011
107,190,1.7738174584608533,0.0031622776601683,0.0003,1.034778791014105,groups_010011
108,191,1.807612460398712,0.0031622776601683,0.0003,1.0199159169569612,groups_010011
109,192,1.7857165240438566,0.0031622776601683,0.0003,1.0226617499720303,groups_010011
110,193,1.8037277396397795,0.0031622776601683,0.0003,1.014935249928385,groups_010011
111,195,1.8093939791756704,0.0031622776601683,0.0003,1.0354475829517469,groups_010011
112,198,1.805221836471894,0.0031622776601683,0.0003,1.0213706670328977,groups_010011
113,199,1.7879718838198055,0.0031622776601683,0.0003,1.0623511669691652,groups_010011
114,200,1.8030719602858432,0.0031622776601683,0.0003,1.0682627089554444,groups_010011
115,201,1.8090514399406472,0.0031622776601683,0.0003,1.024950374965556,groups_010011
1,1,1.5729006669165908,0.0031622776601683,0.001,1.0019915839657187,groups_011001
2,2,1.5973697521690369,0.0316227766016837,0.003,1.0357037089997905,groups_011001
3,3,1.550818166419604,0.01,0.003,1.0094744160305709,groups_011001
4,5,1.609259809234898,0.0031622776601683,0.001,0.9898900419939308,groups_011001
5,6,1.6099014925877857,0.0316227766016837,0.003,1.01422300003469,groups_011001
6,7,1.615391933676554,0.0316227766016837,0.003,0.9974159579724072,groups_011001
7,8,1.6162411969671218,0.0316227766016837,0.003,1.0294223750242963,groups_011001
8,9,1.6098852037651994,0.0316227766016837,0.003,1.04168975003995,groups_011001
9,12,1.5963402511653373,0.01,0.003,1.0050416250014678,groups_011001
10,13,1.6117845224409055,0.0031622776601683,0.001,1.0070305420085788,groups_011001
11,14,1.6073196499964455,0.0316227766016837,0.003,1.0126375840045512,groups_011001
12,15,1.5932065789984402,0.01,0.003,1.01279649999924,groups_011001
13,16,1.6008099948884675,0.0316227766016837,0.003,1.0497311659855768,groups_011001
14,17,1.6004060340326112,0.0316227766016837,0.003,1.0779639999382198,groups_011001
15,18,1.61078906513221,0.0316227766016837,0.003,1.002865834045224,groups_011001
16,19,1.6195253358133002,0.0316227766016837,0.003,1.0262282500043511,groups_011001
17,21,1.6397548249456286,0.0316227766016837,0.003,1.0170521249528974,groups_011001
18,22,1.6213808718904814,0.0316227766016837,0.003,1.0429854590911418,groups_011001
19,23,1.5746998977456703,0.0031622776601683,0.001,1.0124272909015417,groups_011001
20,24,1.5991740737884,0.0031622776601683,0.001,1.0201983340084553,groups_011001
21,25,1.6094702798342078,0.01,0.003,1.0483704999787733,groups_011001
22,26,1.6161815930094428,0.0031622776601683,0.001,1.0129292090423403,groups_011001
23,27,1.6113697789807409,0.0031622776601683,0.001,1.0069709590170532,groups_011001
24,28,1.5982815713161995,0.01,0.003,1.0242051670793444,groups_011001
25,29,1.6015721059021124,0.0316227766016837,0.003,1.0118463339749724,groups_011001
26,30,1.6088862035549574,0.0316227766016837,0.003,1.0107828329782933,groups_011001
27,32,1.608724318262776,0.0031622776601683,0.001,0.998630875023082,groups_011001
28,34,1.605711767097962,0.0316227766016837,0.003,1.0017302910564467,groups_011001
29,36,1.5998562337472109,0.0316227766016837,0.003,1.0146412500180304,groups_011001
30,37,1.600488963459478,0.0316227766016837,0.003,1.0071320839924738,groups_011001
31,38,1.5954565981693771,0.01,0.003,1.0065340410219503,groups_011001
32,40,1.612294879329229,0.01,0.003,1.0152233329135925,groups_011001
33,41,1.5710557724323142,0.0031622776601683,0.001,1.0134586670901626,groups_011001
34,43,1.618184053597816,0.01,0.003,1.006564375013113,groups_011001
35,44,1.6268055881213537,0.01,0.003,0.9867985839955508,groups_011001
36,45,1.6240592739102402,0.01,0.003,1.037283124984242,groups_011001
37,46,1.629107337559368,0.01,0.003,1.0385368339484558,groups_011001
38,49,1.626931532690984,0.01,0.003,1.000013874960132,groups_011001
39,50,1.62547736902352,0.01,0.003,1.00775683298707,groups_011001
40,51,1.6117380847650256,0.01,0.003,0.99761199997738,groups_011001
41,52,1.6123138086643345,0.01,0.003,1.008520417031832,groups_011001
42,53,1.613195779993372,0.01,0.003,1.0164466670248655,groups_011001
43,54,1.6114396115173837,0.01,0.003,1.0383275410858914,groups_011001
44,55,1.611651961959262,0.01,0.003,1.002821333007887,groups_011001
45,56,1.6005240978178126,0.01,0.003,1.0219715420389548,groups_011001
46,58,1.6501651743066097,0.01,0.003,1.005491957999766,groups_011001
47,59,1.6554627485540334,0.01,0.003,1.008710041991435,groups_011001
48,60,1.6484492389773613,0.01,0.003,1.0089971250854433,groups_011001
49,101,1.6520447043953,0.01,0.003,1.0299194579711184,groups_011001
50,102,1.6544034222996111,0.01,0.003,1.0050250840140509,groups_011001
51,104,1.6628937755356694,0.01,0.003,1.00995370792225,groups_011001
52,106,1.641390236975898,0.01,0.003,1.0221937079913914,groups_011001
53,108,1.6458677891380926,0.01,0.003,1.021684749983251,groups_011001
54,109,1.6065593486379384,0.01,0.003,1.012747542001307,groups_011001
55,110,1.6565226327743507,0.01,0.003,1.0093149590538817,groups_011001
56,112,1.6486861068418457,0.01,0.003,1.0193674160400406,groups_011001
57,113,1.6913691273080356,0.01,0.003,1.0106185419717804,groups_011001
58,115,1.69308146262559,0.01,0.003,1.0198955420637503,groups_011001
59,116,1.6464597926067055,0.01,0.003,1.0113472080556676,groups_011001
60,118,1.684922782602743,0.01,0.003,1.0257789170136675,groups_011001
61,119,1.6620398194332244,0.01,0.003,1.0106751250568775,groups_011001
62,120,1.7009872228573704,0.01,0.003,1.0046701249666512,groups_011001
63,121,1.701296010469215,0.01,0.003,1.0146008339943364,groups_011001
64,122,1.6864142329515976,0.01,0.003,1.0630604999605566,groups_011001
65,124,1.7125043511086395,0.01,0.003,1.0041480410145596,groups_011001
66,125,1.7156253408555513,0.01,0.003,0.9951559170149268,groups_011001
67,126,1.7006931052889616,0.01,0.003,1.020465457928367,groups_011001
68,127,1.719989534236218,0.01,0.003,1.0249133330071345,groups_011001
69,129,1.7104154812644905,0.01,0.003,1.0094258330063894,groups_011001
70,130,1.702251831520873,0.01,0.003,1.0068810830125583,groups_011001
71,133,1.7062243398033827,0.01,0.003,1.0212689170148224,groups_011001
72,135,1.6958924465621692,0.01,0.003,1.0167552080238238,groups_011001
73,137,1.6871842877967576,0.01,0.003,1.0045986670302227,groups_011001
74,138,1.7228528781892445,0.01,0.003,1.0069063330302015,groups_011001
75,139,1.7444224518406248,0.01,0.003,1.0200458340113985,groups_011001
76,140,1.731628507584684,0.01,0.003,1.0063737500458956,groups_011001
77,141,1.7243409916505523,0.01,0.003,1.042856749962084,groups_011001
78,142,1.7397564710127682,0.01,0.003,1.0216905829729512,groups_011001
79,144,1.709712004992979,0.01,0.003,1.030572040937841,groups_011001
80,145,1.709327852972415,0.01,0.003,1.0321033750660715,groups_011001
81,146,1.7261219555178424,0.01,0.003,1.004091375041753,groups_011001
82,147,1.713022339770003,0.01,0.003,1.0172272500349209,groups_011001
83,148,1.719104039840213,0.01,0.003,1.0154094999888912,groups_011001
84,149,1.718849327149042,0.01,0.003,1.0294452080270275,groups_011001
85,150,1.723433126263315,0.01,0.003,1.0050208329921588,groups_011001
86,151,1.7148987942965892,0.01,0.003,1.0080034169368446,groups_011001
87,153,1.712294743043928,0.01,0.003,1.0544518750393763,groups_011001
88,154,1.7080854900857847,0.01,0.003,1.0204599580029026,groups_011001
89,158,1.7146787175667937,0.01,0.003,1.017164624994621,groups_011001
90,160,1.7072385573020978,0.01,0.003,1.0351971660275012,groups_011001
91,165,1.720365238657,0.01,0.003,1.0122405419824645,groups_011001
92,166,1.72029014596053,0.01,0.003,1.0176592499483377,groups_011001
93,167,1.7252545024347046,0.01,0.003,1.0266187500674278,groups_011001
94,169,1.6849592707036212,0.01,0.003,1.0087179580004886,groups_011001
95,170,1.70768042463697,0.0031622776601683,0.001,1.0192993329837918,groups_011001
96,171,1.7087228821302696,0.01,0.003,1.019069124944508,groups_011001
97,172,1.71475784113306,0.0031622776601683,0.001,1.005082874908112,groups_011001
98,173,1.7041920946649352,0.0031622776601683,0.001,1.0756335420301184,groups_011001
99,174,1.7158118237670148,0.0031622776601683,0.001,1.026622958946973,groups_011001
100,176,1.705636027083449,0.0031622776601683,0.001,1.0239721670513973,groups_011001
101,178,1.7081412808087284,0.001,0.001,1.0096897908952087,groups_011001
102,181,1.6544475212909378,0.0031622776601683,0.001,1.0010854580905288,groups_011001
103,183,1.6899207507663545,0.0031622776601683,0.001,1.009396750014275,groups_011001
104,185,1.6581874890120347,0.0031622776601683,0.001,1.0158225839259103,groups_011001
105,186,1.661123713826878,0.0031622776601683,0.001,1.01349433301948,groups_011001
106,188,1.639976106446702,0.0031622776601683,0.001,1.016200166894123,groups_011001
107,190,1.622404246397319,0.0001,0.0003,1.0103727499954402,groups_011001
108,191,1.651107179820542,0.001,0.001,1.0042560420697555,groups_011001
109,192,1.6639937167156555,0.001,0.001,1.0329574170755222,groups_011001
110,193,1.6612342014224903,0.001,0.001,1.0065489170374349,groups_011001
111,195,1.6718575877640869,0.001,0.001,1.044010082958266,groups_011001
112,198,1.6654856048058944,0.001,0.001,1.0008725830120966,groups_011001
113,199,1.6710687007548772,0.001,0.001,1.0157094169408083,groups_011001
114,200,1.6523215811406196,0.001,0.001,1.0065416250145065,groups_011001
115,201,1.6692424728790831,0.001,0.001,1.0035440829815343,groups_011001
1,1,1.640877432831308,0.1,0.003,1.0090911249862984,groups_011010
2,2,1.6392641831009724,0.3162277660168379,0.01,1.0509622920071706,groups_011010
3,3,1.6132373715655952,0.1,0.003,1.0206085419049489,groups_011010
4,5,1.6505755205189807,0.1,0.003,1.00801958295051,groups_011010
5,6,1.6504484891850797,0.1,0.003,1.0083673330955207,groups_011010
6,7,1.6403813114288652,0.1,0.003,1.008885582908988,groups_011010
7,8,1.6455910370004203,0.1,0.003,1.018780583050102,groups_011010
8,9,1.651532753308431,0.1,0.003,1.010151332942769,groups_011010
9,12,1.6208706578397367,0.1,0.003,1.0108927919063715,groups_011010
10,13,1.633585293683015,0.1,0.003,1.0110669169807809,groups_011010
11,14,1.6333912284022742,0.1,0.003,1.015502291964367,groups_011010
12,15,1.6377318393571598,0.1,0.003,0.9943922919919714,groups_011010
13,16,1.6337887379020488,0.1,0.003,0.99868504202459,groups_011010
14,17,1.6360064103442882,0.1,0.003,1.0333455000072718,groups_011010
15,18,1.6372747755813677,0.1,0.003,1.012675084057264,groups_011010
16,19,1.6329682804604444,0.1,0.003,1.0411792499944568,groups_011010
17,21,1.624329001311575,0.1,0.003,1.0131907920585943,groups_011010
18,22,1.6426694483265314,0.1,0.003,1.0079986669588834,groups_011010
19,23,1.612347829894945,0.0316227766016837,0.003,1.01472120906692,groups_011010
20,24,1.6621853837932803,0.1,0.003,1.0156547909136862,groups_011010
21,25,1.6518620089597846,0.1,0.003,1.0218014169950038,groups_011010
22,26,1.6649040955620078,0.1,0.003,1.0073487499030307,groups_011010
23,27,1.6373291752465569,0.3162277660168379,0.01,1.018139708088711,groups_011010
24,28,1.6566989275254205,0.1,0.003,1.0152898749802262,groups_011010
25,29,1.6454392776179358,0.1,0.003,1.0192229999229312,groups_011010
26,30,1.659011596957097,0.1,0.003,1.0024465420283375,groups_011010
27,32,1.6556332362742778,0.1,0.003,1.0047065409598872,groups_011010
28,34,1.6551707247269545,0.1,0.003,1.0145941670052707,groups_011010
29,36,1.662015506994823,0.1,0.003,1.0092893750406802,groups_011010
30,37,1.6462729692809652,0.1,0.003,1.0049539169995114,groups_011010
31,38,1.6551012488611487,0.1,0.003,1.0221316249808297,groups_011010
32,40,1.6585113469591075,0.1,0.003,1.006055042031221,groups_011010
33,41,1.6206523445661354,0.1,0.003,0.9951217499328776,groups_011010
34,43,1.668982364038936,0.1,0.003,1.0240699589485305,groups_011010
35,44,1.66490130618038,0.1,0.003,1.01896212506108,groups_011010
36,45,1.665520155110695,0.1,0.003,1.0222563749412077,groups_011010
37,46,1.6617100329079948,0.1,0.003,1.01492624997627,groups_011010
38,49,1.6752834130953442,0.1,0.003,1.0444676249753684,groups_011010
39,50,1.6789691284120631,0.1,0.003,1.0228029999416322,groups_011010
40,51,1.6567710594495826,0.1,0.003,1.019627625006251,groups_011010
41,52,1.6496758832285123,0.1,0.003,1.024917875067331,groups_011010
42,53,1.647877167945297,0.1,0.003,1.0189274579752237,groups_011010
43,54,1.6492954179460435,0.1,0.003,1.0141422500601038,groups_011010
44,55,1.650010056967652,0.1,0.003,1.0176515830680728,groups_011010
45,56,1.6511554012229648,0.1,0.003,1.0116909999633208,groups_011010
46,58,1.677940854275016,0.1,0.003,1.014908750075847,groups_011010
47,59,1.676639948675802,0.1,0.003,1.019063749932684,groups_011010
48,60,1.6797143294758436,0.1,0.003,1.0141301250550896,groups_011010
49,101,1.6829316550749474,0.1,0.003,1.0145816250005737,groups_011010
50,102,1.6824476907619896,0.1,0.003,1.0280859579797834,groups_011010
51,104,1.6940873240773917,0.1,0.003,1.0110486670164391,groups_011010
52,106,1.6981385193729082,0.1,0.003,1.0159457909176126,groups_011010
53,108,1.6466782745897424,0.1,0.003,1.0238508749753237,groups_011010
54,109,1.6529690735247764,0.1,0.003,1.0201906668953598,groups_011010
55,110,1.712793287058111,0.1,0.003,1.0206985829863695,groups_011010
56,112,1.7101620334953382,0.1,0.003,1.0078135000076145,groups_011010
57,113,1.7169793551928698,0.1,0.003,1.025462209014222,groups_011010
58,115,1.6874099227156434,0.1,0.003,1.0292236669920385,groups_011010
59,116,1.6948004365594582,0.1,0.003,1.0185531250899658,groups_011010
60,118,1.7093417967498423,0.1,0.003,1.038296707905829,groups_011010
61,119,1.7100541110546217,0.1,0.003,1.0170648749917746,groups_011010
62,120,1.7031905522677329,0.1,0.003,1.0099472920410335,groups_011010
63,121,1.7028669605909657,0.1,0.003,1.004911542055197,groups_011010
64,122,1.684151265363352,0.1,0.003,1.0197321249870583,groups_011010
65,124,1.694561370113459,0.1,0.003,1.0194374580169097,groups_011010
66,125,1.694340123656445,0.1,0.003,1.020729542011395,groups_011010
67,126,1.6910682647868895,0.1,0.003,1.0239123749779535,groups_011010
68,127,1.6917064810300972,0.1,0.003,1.031695874989964,groups_011010
69,129,1.6970735479240868,0.1,0.003,1.0124531249748543,groups_011010
70,130,1.6814504887389112,0.1,0.003,1.01853195799049,groups_011010
71,133,1.6764533858297437,0.1,0.003,1.0129201249219475,groups_011010
72,135,1.6864832016100642,0.1,0.003,1.0141052500111982,groups_011010
73,137,1.679296038625767,0.3162277660168379,0.01,1.0112339170882478,groups_011010
74,138,1.690981729211234,0.1,0.003,1.0196017919806764,groups_011010
75,139,1.7256071279256948,0.3162277660168379,0.01,1.0145236660027876,groups_011010
76,140,1.7249125226796624,0.1,0.003,1.0446977090323344,groups_011010
77,141,1.7122358917697516,0.1,0.003,1.077416667016223,groups_011010
78,142,1.7069419137323183,0.1,0.003,1.023606540984474,groups_011010
79,144,1.68316422514675,0.1,0.003,1.0350672920467332,groups_011010
80,145,1.715338404310069,0.1,0.003,1.0240789159433916,groups_011010
81,146,1.7120363529989988,0.1,0.003,1.0247028329176828,groups_011010
82,147,1.7208108744286883,0.1,0.003,1.048502416932024,groups_011010
83,148,1.7189082757504928,0.1,0.003,1.0283348329830917,groups_011010
84,149,1.715670077938677,0.1,0.003,1.0065149170113727,groups_011010
85,150,1.7027984610756826,0.1,0.003,1.092522667022422,groups_011010
86,151,1.7035785086462492,0.1,0.003,1.0042583339381963,groups_011010
87,153,1.7167033036718349,0.1,0.003,1.0244623339967802,groups_011010
88,154,1.727291671252699,0.1,0.003,1.0116617500316352,groups_011010
89,158,1.7301610574198856,0.1,0.003,1.0263694579480216,groups_011010
90,160,1.715865459600926,0.1,0.003,1.0223652079002932,groups_011010
91,165,1.7271300743820943,0.1,0.003,1.0185280829900876,groups_011010
92,166,1.730928862878846,0.1,0.003,1.0182108749868348,groups_011010
93,167,1.702532377808222,0.1,0.003,1.0413529170909896,groups_011010
94,169,1.6912615520134764,0.1,0.003,1.008695791941136,groups_011010
95,170,1.7078877573275764,0.1,0.003,1.013489207951352,groups_011010
96,171,1.7047764387400457,0.1,0.003,1.0082108329515904,groups_011010
97,172,1.708064547016684,0.1,0.003,1.0173287080833688,groups_011010
98,173,1.7055014618580415,0.1,0.003,0.9989482919918372,groups_011010
99,174,1.6951697473947855,0.1,0.003,1.0092923330375925,groups_011010
100,176,1.7035421343979584,0.1,0.003,1.0101113331038505,groups_011010
101,178,1.7030154734301692,0.1,0.003,1.0118841249495745,groups_011010
102,181,1.6898811184533358,0.1,0.003,1.0119214169681072,groups_011010
103,183,1.67584006879693,0.1,0.003,1.0697893330361694,groups_011010
104,185,1.6633143225571263,0.1,0.003,1.1854792920639738,groups_011010
105,186,1.6767289098685354,0.1,0.003,1.0313378749415278,groups_011010
106,188,1.67578845108005,0.1,0.003,1.044874291983433,groups_011010
107,190,1.6859399913826807,0.1,0.003,1.0198292919667438,groups_011010
108,191,1.683440951178515,0.1,0.003,0.9834943749010564,groups_011010
109,192,1.6809485244557325,0.1,0.003,0.9849480000557378,groups_011010
110,193,1.6842459254730977,0.1,0.003,1.0109925420256332,groups_011010
111,195,1.6773606354108006,0.1,0.003,1.0196015000110492,groups_011010
112,198,1.6814359507999843,0.1,0.003,1.0092150830896571,groups_011010
113,199,1.6833022083739353,0.1,0.003,0.996370124979876,groups_011010
114,200,1.6830718167274754,0.1,0.003,0.9958309170324356,groups_011010
115,201,1.659626971636852,0.1,0.003,0.9949120419332758,groups_011010
1,1,1.895832749515972,0.001,0.0003,0.9307824580464512,groups_001001
2,2,1.9087537124987397,0.001,0.0003,0.948859457974322,groups_001001
3,3,1.85450410935052,0.01,0.001,0.9647544160252436,groups_001001
4,5,1.923247761457663,0.001,0.0003,0.953310750075616,groups_001001
5,6,1.9192848257901212,0.001,0.0003,0.9243639579508454,groups_001001
6,7,1.9317426297627331,0.001,0.0003,0.9409367920598016,groups_001001
7,8,1.9248460639557172,0.001,0.0003,0.9219614170724526,groups_001001
8,9,1.9058080160788649,0.001,0.0003,1.0029437079792842,groups_001001
9,12,1.9155277583701624,0.0031622776601683,0.0003,0.9404885419644416,groups_001001
10,13,1.9334056189156437,0.001,0.0003,0.9299320830032228,groups_001001
11,14,1.9261574016666776,0.001,0.0003,0.9560599169926718,groups_001001
12,15,1.9248755034760825,0.001,0.0003,0.9297164999879896,groups_001001
13,16,1.91522133828825,0.001,0.0003,0.9243885410251096,groups_001001
14,17,1.9275746208799471,0.001,0.0003,0.9236943749710916,groups_001001
15,18,1.922329996839513,0.001,0.0003,0.9285212919348852,groups_001001
16,19,1.9311397580416387,0.001,0.0003,0.9232306249905378,groups_001001
17,21,1.9359152965330344,0.001,0.0003,0.9354352499358356,groups_001001
18,22,1.926219596265334,0.001,0.0003,0.9271544170333073,groups_001001
19,23,1.9148004741430331,0.001,0.0003,0.9230152500094846,groups_001001
20,24,1.8858108116539023,0.0031622776601683,0.001,0.9210733340587468,groups_001001
21,25,1.9054530951799815,0.001,0.0003,0.911942542064935,groups_001001
22,26,1.8947096437418909,0.001,0.0003,0.9205711670219898,groups_001001
23,27,1.9046629145819547,0.001,0.0003,0.9187358330236748,groups_001001
24,28,1.9022152278328053,0.001,0.0003,0.9213393749669194,groups_001001
25,29,1.910682646931041,0.001,0.0003,0.9391367500647902,groups_001001
26,30,1.9072679281311689,0.0031622776601683,0.001,0.9208719169255346,groups_001001
27,32,1.91201512285964,0.001,0.0003,0.9083570420043544,groups_001001
28,34,1.9078577290300112,0.001,0.0003,0.9203403330175206,groups_001001
29,36,1.8668203486538824,0.001,0.0003,0.9142940000165254,groups_001001
30,37,1.8819706161610763,0.001,0.0003,0.9237910420633852,groups_001001
31,38,1.8502745068203807,0.0031622776601683,0.001,0.9229864589869976,groups_001001
32,40,1.9168314225672305,0.0031622776601683,0.001,0.9400748750194908,groups_001001
33,41,1.8967984192812053,0.0031622776601683,0.001,0.9131197079550476,groups_001001
34,43,1.9264923089491344,0.0031622776601683,0.001,0.9142472500680014,groups_001001
35,44,1.922654460236578,0.0031622776601683,0.001,0.909198792069219,groups_001001
36,45,1.9195235825932608,0.0031622776601683,0.001,0.9195068330736832,groups_001001
37,46,1.9180409423211888,0.01,0.003,0.9191991249099374,groups_001001
38,49,1.9203142110857976,0.001,0.0003,0.906540208030492,groups_001001
39,50,1.9101412633772912,0.0031622776601683,0.001,0.9187480000546202,groups_001001
40,51,1.9031058389327316,0.001,0.0003,0.908472958020866,groups_001001
41,52,1.9030530312401024,0.001,0.0003,0.9048204169375822,groups_001001
42,53,1.9108505434068228,0.001,0.0003,0.9172697499161586,groups_001001
43,54,1.9021064196740327,0.001,0.0003,0.9189184590941296,groups_001001
44,55,1.9040083434943167,0.001,0.0003,0.9139148750109598,groups_001001
45,56,1.865616726435023,0.001,0.0003,0.9094667920144276,groups_001001
46,58,1.9421423220924496,0.001,0.0003,0.90625491598621,groups_001001
47,59,1.9393711582242952,0.001,0.0003,0.9193314580479636,groups_001001
48,60,1.94066710549262,0.001,0.0003,0.9208811250282452,groups_001001
49,101,1.9428809286659616,0.001,0.0003,0.9066439589951188,groups_001001
50,102,1.94183755284286,0.001,0.0003,0.9031173329567536,groups_001001
51,104,1.937436247831462,0.001,0.0003,0.9017324160085992,groups_001001
52,106,1.9249661395556683,0.0031622776601683,0.001,0.9163757089991122,groups_001001
53,108,1.9227411844772817,0.0031622776601683,0.001,0.9037937090033664,groups_001001
54,109,1.9215186517353968,0.0031622776601683,0.001,0.907780749956146,groups_001001
55,110,1.9276982942523508,0.01,0.003,0.9470542499329896,groups_001001
56,112,1.9405887549395344,0.01,0.003,0.8976895420346409,groups_001001
57,113,1.954393430135432,0.01,0.003,0.903572209062986,groups_001001
58,115,1.943674246842383,0.0031622776601683,0.001,0.9132927500177176,groups_001001
59,116,1.9242699288549077,0.01,0.003,0.9090920829912648,groups_001001
60,118,1.942489092673579,0.01,0.003,0.9222382499137892,groups_001001
61,119,1.9299118627071512,0.01,0.003,0.9039799579186364,groups_001001
62,120,1.9520301867168013,0.0031622776601683,0.001,0.9018762079067528,groups_001001
63,121,1.9615456162635032,0.0031622776601683,0.001,0.9007806250592694,groups_001001
64,122,1.957786926952104,0.01,0.003,0.9100400410825388,groups_001001
65,124,1.988948172933661,0.0031622776601683,0.001,0.9083581659942864,groups_001001
66,125,1.998551068265331,0.01,0.003,0.8996423330390826,groups_001001
67,126,1.973384492536275,0.01,0.003,0.9039155000355096,groups_001001
68,127,2.008597695720293,0.0031622776601683,0.001,0.8991201670141891,groups_001001
69,129,2.00838592120521,0.0031622776601683,0.001,0.9090080839814618,groups_001001
70,130,2.001713268243942,0.0031622776601683,0.001,0.9074478750117124,groups_001001
71,133,1.991012112447175,0.0031622776601683,0.001,0.8988400419475511,groups_001001
72,135,1.9908778301854784,0.0031622776601683,0.001,0.9102821670239792,groups_001001
73,137,1.9806418204272176,0.0031622776601683,0.001,0.9273263330105692,groups_001001
74,138,1.9704351478878488,0.0031622776601683,0.001,0.9030008330009878,groups_001001
75,139,1.9989504525532464,0.0031622776601683,0.001,0.911057083052583,groups_001001
76,140,1.991528637008939,0.0031622776601683,0.001,0.900732500012964,groups_001001
77,141,1.99350773875442,0.0031622776601683,0.001,0.9393708750139922,groups_001001
78,142,1.9707422898279707,0.0031622776601683,0.001,0.8977792919613421,groups_001001
79,144,1.9713512074441264,0.0031622776601683,0.001,0.9000785830430686,groups_001001
80,145,1.92850259211526,0.0031622776601683,0.001,0.9047935840208085,groups_001001
81,146,1.9729829476687253,0.0031622776601683,0.001,0.9074686670210212,groups_001001
82,147,1.9735341393748465,0.0031622776601683,0.001,0.9001489999936894,groups_001001
83,148,1.9763155749539072,0.0031622776601683,0.001,0.9085414999863132,groups_001001
84,149,1.9539323791721308,0.0031622776601683,0.001,0.9104712919797748,groups_001001
85,150,1.9819797987411756,0.0031622776601683,0.001,0.906598792062141,groups_001001
86,151,1.987627365616144,0.0031622776601683,0.001,0.9158019999740644,groups_001001
87,153,1.9891411798655465,0.0031622776601683,0.001,0.9059698339551688,groups_001001
88,154,1.9786173795418205,0.0031622776601683,0.001,0.9068022080464287,groups_001001
89,158,1.9972891680079885,0.0031622776601683,0.001,0.9060348330531268,groups_001001
90,160,1.982365851445435,0.0031622776601683,0.001,0.898400541045703,groups_001001
91,165,1.9957254731602871,0.0031622776601683,0.001,0.9245551669737324,groups_001001
92,166,1.9947541267400937,0.0031622776601683,0.001,0.908969541080296,groups_001001
93,167,1.9924396508414643,0.0031622776601683,0.001,0.9054105000104756,groups_001001
94,169,1.9794781084334332,0.0031622776601683,0.001,0.929253957932815,groups_001001
95,170,2.001648346311301,0.0031622776601683,0.001,0.9019887499744071,groups_001001
96,171,2.0046210032041287,0.0031622776601683,0.001,0.916407790966332,groups_001001
97,172,2.0071349065404793,0.0031622776601683,0.001,0.9140024580992758,groups_001001
98,173,2.009694259707571,0.001,0.0003,0.905493041034788,groups_001001
99,174,1.9901417162254744,0.0003162277660168,0.0003,0.930055542034097,groups_001001
100,176,1.997185156063056,0.0003162277660168,0.0003,0.9086837499635294,groups_001001
101,178,2.001329722071756,0.0003162277660168,0.0003,0.9085134170018137,groups_001001
102,181,1.9579536380488896,0.001,0.0003,0.9179829999338835,groups_001001
103,183,1.9774952173248097,0.0003162277660168,0.0003,0.9070325409993528,groups_001001
104,185,1.919103460843903,0.001,0.0003,0.9013947090134024,groups_001001
105,186,1.9733588309072432,0.0003162277660168,0.0003,0.908745166962035,groups_001001
106,188,1.978931152938194,0.0003162277660168,0.0003,0.9083650829270482,groups_001001
107,190,1.9805978297209068,0.0003162277660168,0.0003,0.9029584169620648,groups_001001
108,191,1.9992186245198824,0.0003162277660168,0.0003,0.9181747919647024,groups_001001
109,192,2.001687538014178,0.0003162277660168,0.0003,0.94387945800554,groups_001001
110,193,1.998130027885404,0.0003162277660168,0.0003,0.9085688330233096,groups_001001
111,195,2.007154872658237,0.0003162277660168,0.0003,0.9039867499377578,groups_001001
112,198,2.0084215633203977,0.0003162277660168,0.0003,0.9181493750074878,groups_001001
113,199,2.014085783828913,0.0003162277660168,0.0003,0.916017249925062,groups_001001
114,200,1.9894792497663236,0.0003162277660168,0.0003,0.9102058749413118,groups_001001
115,201,1.9924168545985983,0.0001,0.0003,0.8985209580278024,groups_001001
1,1,1.757616899142118,0.0031622776601683,0.001,0.9292163329664618,groups_010001
2,2,1.7667199839111916,0.0031622776601683,0.001,0.9308905840152876,groups_010001
3,3,1.7515898487072328,0.0031622776601683,0.001,0.9186914999736472,groups_010001
4,5,1.7966685684419783,0.0031622776601683,0.001,0.9184006249997764,groups_010001
5,6,1.7915397587313957,0.0031622776601683,0.001,0.9587584589608014,groups_010001
6,7,1.78707240731694,0.0031622776601683,0.001,0.9318899160716684,groups_010001
7,8,1.7973968557693176,0.0031622776601683,0.001,0.9256965829990804,groups_010001
8,9,1.7941900402711453,0.0031622776601683,0.001,0.921175458934158,groups_010001
9,12,1.781287271849287,0.01,0.003,0.9238514580065385,groups_010001
10,13,1.7771838007213443,0.0031622776601683,0.001,0.927734416909516,groups_010001
11,14,1.8105979634685745,0.0316227766016837,0.003,0.9362014170037584,groups_010001
12,15,1.804284895860668,0.0031622776601683,0.001,0.9253931660205126,groups_010001
13,16,1.7855093560911472,0.0031622776601683,0.001,0.9285694590071216,groups_010001
14,17,1.7920115996927584,0.0031622776601683,0.001,0.9259001249447464,groups_010001
15,18,1.804055100938519,0.0316227766016837,0.003,0.917594667058438,groups_010001
16,19,1.8154418084483417,0.0316227766016837,0.003,0.9208441659575328,groups_010001
17,21,1.8448204519759024,0.0316227766016837,0.003,0.9284580419771372,groups_010001
18,22,1.8314315354428468,0.0316227766016837,0.003,0.9240321250399576,groups_010001
19,23,1.766743087760844,0.0316227766016837,0.003,0.9189436249434948,groups_010001
20,24,1.8306670726271488,0.0316227766016837,0.003,0.9281470840796828,groups_010001
21,25,1.828547015769311,0.0316227766016837,0.003,0.921982791973278,groups_010001
22,26,1.8384385703097197,0.0316227766016837,0.003,0.912638833047822,groups_010001
23,27,1.8407479907886763,0.0316227766016837,0.003,0.9323443749453872,groups_010001
24,28,1.837897339970193,0.0316227766016837,0.003,0.9320274170022458,groups_010001
25,29,1.8120608096610935,0.0031622776601683,0.0003,0.9225685000419616,groups_010001
26,30,1.8349888271861972,0.01,0.001,0.9404003340750932,groups_010001
27,32,1.8414539082010664,0.01,0.001,0.9278163330163808,groups_010001
28,34,1.839510561167492,0.0316227766016837,0.003,0.9449365419568494,groups_010001
29,36,1.8361210248993811,0.0316227766016837,0.003,0.931821292033419,groups_010001
30,37,1.834396613325083,0.01,0.001,0.929371792008169,groups_010001
31,38,1.8388465600350656,0.0316227766016837,0.003,0.9327427090611308,groups_010001
32,40,1.842109891802517,0.01,0.001,0.9373052921146154,groups_010001
33,41,1.8118570164418903,0.0316227766016837,0.003,0.9352695000125096,groups_010001
34,43,1.8363105515685196,0.0316227766016837,0.003,0.9381534579442814,groups_010001
35,44,1.8422387850065467,0.0316227766016837,0.003,0.927359583089128,groups_010001
36,45,1.8406738992816205,0.01,0.001,0.9254185829777272,groups_010001
37,46,1.8429423796198845,0.01,0.001,0.913632750045508,groups_010001
38,49,1.8500508919714416,0.0316227766016837,0.003,0.9224681250052528,groups_010001
39,50,1.8466627599229024,0.0316227766016837,0.003,0.9265831250231712,groups_010001
40,51,1.83842111706164,0.0316227766016837,0.003,0.9214737090514972,groups_010001
41,52,1.840863993929394,0.0316227766016837,0.003,0.937476749997586,groups_010001
42,53,1.8378920138676291,0.0316227766016837,0.003,0.9230371669400484,groups_010001
43,54,1.8279524894596153,0.0316227766016837,0.003,0.947422374971211,groups_010001
44,55,1.839057737567097,0.0316227766016837,0.003,0.9391116250772028,groups_010001
45,56,1.8306341007391869,0.0316227766016837,0.003,0.9259313340298831,groups_010001
46,58,1.858261188537973,0.0316227766016837,0.003,0.9265936249867082,groups_010001
47,59,1.85663317804422,0.0316227766016837,0.003,0.93641183397267,groups_010001
48,60,1.850089809016624,0.0316227766016837,0.003,0.9238056250615044,groups_010001
49,101,1.8561634759951269,0.0316227766016837,0.003,0.917893834062852,groups_010001
50,102,1.8504539205795192,0.0316227766016837,0.003,0.9725444170180708,groups_010001
51,104,1.8564422966174063,0.0316227766016837,0.003,0.9356232499703764,groups_010001
52,106,1.8515920370798984,0.0316227766016837,0.003,0.9247315420070664,groups_010001
53,108,1.853070511070096,0.0316227766016837,0.003,0.9244370419764892,groups_010001
54,109,1.8124353380494391,0.0316227766016837,0.003,0.9325134999817236,groups_010001
55,110,1.881499098804096,0.1,0.01,0.9313005419680848,groups_010001
56,112,1.8399312472913416,0.01,0.003,0.9296405829954892,groups_010001
57,113,1.8950446613691383,0.1,0.01,0.9296236669179052,groups_010001
58,115,1.8909148103126725,0.1,0.01,0.9257253750693052,groups_010001
59,116,1.8479297113089204,0.0316227766016837,0.01,0.9253387079806998,groups_010001
60,118,1.8942702809035885,0.1,0.01,0.9169162500184028,groups_010001
61,119,1.8685645670434692,0.1,0.01,0.9327667920151724,groups_010001
62,120,1.915923795651556,0.1,0.01,0.9229727920610458,groups_010001
63,121,1.9135856514014984,0.1,0.01,0.9278100410010666,groups_010001
64,122,1.8961910384867255,0.1,0.01,0.9294122089631855,groups_010001
65,124,1.919649802398915,0.0316227766016837,0.01,0.9221613339614124,groups_010001
66,125,1.8923903379357891,0.0316227766016837,0.01,0.9219677089713514,groups_010001
67,126,1.914337112188702,0.0316227766016837,0.01,0.9315686250338332,groups_010001
68,127,1.9150283747120669,0.0316227766016837,0.01,0.9169962080195546,groups_010001
69,129,1.89894896204055,0.0031622776601683,0.003,0.9333037090254948,groups_010001
70,130,1.8928517166752363,0.1,0.01,0.9181941670831292,groups_010001
71,133,1.9089867032502343,0.0031622776601683,0.003,0.919825666001998,groups_010001
72,135,1.917332889274761,0.0031622776601683,0.003,0.9603052920429036,groups_010001
73,137,1.9144742859516488,0.0031622776601683,0.003,0.9208557499805464,groups_010001
74,138,1.970653719450416,0.1,0.01,0.920988708967343,groups_010001
75,139,1.9679141323408111,0.1,0.01,0.9245913749327884,groups_010001
76,140,1.9605878729878152,0.0316227766016837,0.01,0.9190538750262932,groups_010001
77,141,1.9438374604495816,0.0316227766016837,0.01,0.921976541983895,groups_010001
78,142,1.966812350011966,0.1,0.01,0.9196811669971794,groups_010001
79,144,1.9473237726927817,0.1,0.01,0.924295875011012,groups_010001
80,145,1.9611393195314155,0.1,0.01,0.923118875012733,groups_010001
81,146,1.9581247663054755,0.1,0.01,0.9273769580759108,groups_010001
82,147,1.951348964991477,0.1,0.01,0.9213102910434828,groups_010001
83,148,1.9532571204518552,0.1,0.01,0.9178157499991356,groups_010001
84,149,1.9572833067315016,0.1,0.01,0.9221373749896884,groups_010001
85,150,1.9535867990079376,0.1,0.01,0.9224996250122786,groups_010001
86,151,1.9463342415363656,0.1,0.01,0.9191944169579074,groups_010001
87,153,1.9490678037665328,0.1,0.01,0.928560375003144,groups_010001
88,154,1.9508217640729988,0.1,0.01,0.9177383750211447,groups_010001
89,158,1.9529825625596489,0.1,0.01,0.9199281660839916,groups_010001
90,160,1.944804826430434,0.0316227766016837,0.003,0.926857375074178,groups_010001
91,165,1.961318158178128,0.1,0.01,0.9205055419588462,groups_010001
92,166,1.955206584373242,0.1,0.01,0.9298233339795844,groups_010001
93,167,1.9527413043475057,0.1,0.01,0.9195172090549022,groups_010001
94,169,1.8765747591177,0.0316227766016837,0.01,0.9614130828995258,groups_010001
95,170,1.921272373272244,0.0316227766016837,0.01,0.9209418749669568,groups_010001
96,171,1.9176316355431131,0.0031622776601683,0.003,0.9177823750069364,groups_010001
97,172,1.9242314645380392,0.0031622776601683,0.003,0.9238778330618516,groups_010001
98,173,1.891602100378796,0.0031622776601683,0.003,0.9305052079726012,groups_010001
99,174,1.936716394843846,0.0031622776601683,0.003,0.9273224580101668,groups_010001
100,176,1.9080262407538495,0.0031622776601683,0.003,0.9294472089968622,groups_010001
101,178,1.910642885110196,0.0031622776601683,0.003,0.9164224580163136,groups_010001
102,181,1.8434819292199476,0.0031622776601683,0.003,0.9174245409667492,groups_010001
103,183,1.8974780442586463,0.01,0.003,0.9174452089937404,groups_010001
104,185,1.8877655543620295,0.01,0.003,0.911249625030905,groups_010001
105,186,1.877236445839984,0.01,0.003,0.924750541918911,groups_010001
106,188,1.863298525072954,0.01,0.003,0.9354260000400244,groups_010001
107,190,1.826194165746307,0.0031622776601683,0.003,0.920915958005935,groups_010001
108,191,1.8901960637079964,0.0031622776601683,0.003,0.9370832500280812,groups_010001
109,192,1.863943435470321,0.0031622776601683,0.003,0.909233000013046,groups_010001
110,193,1.8958940687910684,0.01,0.003,0.9249591249972582,groups_010001
111,195,1.898535858445008,0.0031622776601683,0.003,1.0014971669297663,groups_010001
112,198,1.8964315256506763,0.01,0.003,0.983831875026226,groups_010001
113,199,1.894850698899203,0.01,0.003,0.9957048749784008,groups_010001
114,200,1.9094544374970204,0.01,0.003,1.114553999970667,groups_010001
115,201,1.9120248329697211,0.01,0.003,1.0155653749825433,groups_010001
1,1,1.8506653978848528,0.0031622776601683,0.0003,1.036227999953553,groups_011000
2,2,1.8662519877236483,0.0031622776601683,0.0003,1.0594009580090642,groups_011000
3,3,1.8051196352716088,0.0031622776601683,0.0003,0.9579865830019116,groups_011000
4,5,1.8583845861174344,0.0031622776601683,0.0003,0.976613499922678,groups_011000
5,6,1.8615619375530776,0.0031622776601683,0.0003,0.9674393750028684,groups_011000
6,7,1.8580641319842497,0.0031622776601683,0.0003,0.970640541985631,groups_011000
7,8,1.854553890995648,0.0031622776601683,0.0003,0.9712579998886212,groups_011000
8,9,1.8580042460620936,0.0031622776601683,0.0003,0.9624171670293435,groups_011000
9,12,1.8495504935935945,0.0031622776601683,0.0003,0.9554082920076326,groups_011000
10,13,1.861022263509924,0.0031622776601683,0.0003,0.9965735420119016,groups_011000
11,14,1.8518220247746968,0.1,0.01,0.9890628330176696,groups_011000
12,15,1.860173274505235,0.0031622776601683,0.0003,0.987267000018619,groups_011000
13,16,1.857556970985487,0.0031622776601683,0.0003,0.9656550000654534,groups_011000
14,17,1.8449339374821336,0.1,0.01,0.9828838750254364,groups_011000
15,18,1.840762474504867,0.1,0.01,0.96478787495289,groups_011000
16,19,1.8516792887943745,0.1,0.01,0.9972448339685798,groups_011000
17,21,1.850174005209657,0.1,0.01,0.9636952501023188,groups_011000
18,22,1.8567634292905593,0.0316227766016837,0.01,0.9799292910611256,groups_011000
19,23,1.7923236295399538,0.0031622776601683,0.003,0.9694541250355542,groups_011000
20,24,1.860421535877083,0.0316227766016837,0.01,0.9630662499694154,groups_011000
21,25,1.865377008201922,0.1,0.01,0.9635867910692468,groups_011000
22,26,1.8698239266654115,0.1,0.01,0.9808949169237168,groups_011000
23,27,1.8680025685742931,0.1,0.01,0.9996872920310124,groups_011000
24,28,1.860200291776952,0.0316227766016837,0.01,0.9746027500368656,groups_011000
25,29,1.8575316637938704,0.1,0.01,0.9780582500388846,groups_011000
26,30,1.8484358046204816,0.0031622776601683,0.0003,0.977067333064042,groups_011000
27,32,1.8506588050772024,0.0316227766016837,0.01,0.9707800420001148,groups_011000
28,34,1.851810076448217,0.0316227766016837,0.01,0.960207708994858,groups_011000
29,36,1.837166016210318,0.1,0.01,0.9745129169896244,groups_011000
30,37,1.8332475522096,0.1,0.01,0.9799840840278192,groups_011000
31,38,1.8341840242398928,0.0316227766016837,0.01,0.971273500006646,groups_011000
32,40,1.854811886241803,0.0316227766016837,0.01,0.9721571250120178,groups_011000
33,41,1.7855587942177007,0.0316227766016837,0.01,0.970756374998018,groups_011000
34,43,1.8581290231038796,0.1,0.01,0.9638313329778612,groups_011000
35,44,1.8658614034455812,0.1,0.01,0.9769159159623086,groups_011000
36,45,1.865723856030597,0.1,0.01,1.0229707499966023,groups_011000
37,46,1.8631454790172923,0.1,0.01,0.9864085420267656,groups_011000
38,49,1.869612832107353,0.1,0.01,0.9801121660275384,groups_011000
39,50,1.860198797349222,0.0316227766016837,0.01,0.9825437079416588,groups_011000
40,51,1.8597259415602696,0.0316227766016837,0.01,0.97740683297161,groups_011000
41,52,1.8450030779582176,0.0316227766016837,0.01,0.976126000052318,groups_011000
42,53,1.8393547491367932,0.0316227766016837,0.01,0.980913458042778,groups_011000
43,54,1.8381032984627284,0.0316227766016837,0.01,0.9808509580325336,groups_011000
44,55,1.838477960104987,0.0316227766016837,0.01,0.9709020419977604,groups_011000
45,56,1.844534139705407,0.0316227766016837,0.01,1.046606707968749,groups_011000
46,58,1.861009338905696,0.0316227766016837,0.01,0.9884174580220132,groups_011000
47,59,1.8743804191994944,0.0316227766016837,0.01,0.9938284170348196,groups_011000
48,60,1.8679352150032944,0.0316227766016837,0.01,0.9798205839470028,groups_011000
49,101,1.869194234655797,0.0316227766016837,0.01,0.9807914579287172,groups_011000
50,102,1.8711460385261256,0.0316227766016837,0.01,0.9855174580588936,groups_011000
51,104,1.8663718110200251,0.0031622776601683,0.003,0.9795509999385104,groups_011000
52,106,1.876624642835031,0.1,0.01,1.0145752499811351,groups_011000
53,108,1.8718748773347471,0.1,0.01,0.9810393329244108,groups_011000
54,109,1.8148854143220496,0.1,0.01,0.9895558330463246,groups_011000
55,110,1.8933100137587815,0.0031622776601683,0.003,0.9673872499261053,groups_011000
56,112,1.8991867593507048,0.0316227766016837,0.01,0.9856970829423516,groups_011000
57,113,1.8970119590036516,0.0031622776601683,0.003,0.9737489579711108,groups_011000
58,115,1.869344144031181,0.1,0.01,0.984294250025414,groups_011000
59,116,1.8233566105884884,0.1,0.01,0.9807655829936266,groups_011000
60,118,1.8877607612697291,0.1,0.01,0.9864181670127437,groups_011000
61,119,1.8732845240347489,0.1,0.01,0.9704264159081504,groups_011000
62,120,1.877457279117071,0.1,0.01,0.9906327079515904,groups_011000
63,121,1.8728272803879176,0.0316227766016837,0.01,0.9744029170833528,groups_011000
64,122,1.8456831594886944,0.0316227766016837,0.01,0.9833967080339788,groups_011000
65,124,1.8557587099877384,0.0316227766016837,0.01,0.9813777919625865,groups_011000
66,125,1.8580304788989543,0.0316227766016837,0.01,0.9733080000150948,groups_011000
67,126,1.858209941182938,0.0316227766016837,0.01,1.0113253750605509,groups_011000
68,127,1.8587093894851732,0.0316227766016837,0.01,0.981427124934271,groups_011000
69,129,1.8658530352520744,0.1,0.01,0.9735119580291212,groups_011000
70,130,1.8623226202610084,0.1,0.01,0.982055666972883,groups_011000
71,133,1.8528759867264517,0.1,0.01,0.9928537500090896,groups_011000
72,135,1.851379477588089,0.1,0.01,0.9822914579417557,groups_011000
73,137,1.8460587976359963,0.1,0.01,0.9822706249542534,groups_011000
74,138,1.9002878386656752,0.1,0.01,0.983937041950412,groups_011000
75,139,1.9111178889122995,0.1,0.01,0.9843849589815364,groups_011000
76,140,1.9062931436144437,0.01,0.0003,0.9779006669996306,groups_011000
77,141,1.8761448270138716,0.1,0.01,0.9732936670770868,groups_011000
78,142,1.8950011775231472,0.1,0.01,0.9805862499633804,groups_011000
79,144,1.896160557438236,0.1,0.01,0.986301250057295,groups_011000
80,145,1.8907588645780888,0.1,0.01,0.9803265830269084,groups_011000
81,146,1.9061025539445833,0.1,0.01,0.9676705420715734,groups_011000
82,147,1.8964306907844224,0.1,0.01,0.9833656250266358,groups_011000
83,148,1.8948008464984536,0.0031622776601683,0.0003,0.9910819169599564,groups_011000
84,149,1.895366529238494,0.1,0.01,0.979734625085257,groups_011000
85,150,1.8964783106649925,0.1,0.01,1.0015589999966323,groups_011000
86,151,1.8979683517917152,0.1,0.01,0.9893226251006126,groups_011000
87,153,1.88721389973375,0.1,0.01,0.985415167058818,groups_011000
88,154,1.8915940459542755,0.1,0.01,0.9735581669956446,groups_011000
89,158,1.8957899020656124,0.1,0.01,1.0067648750264198,groups_011000
90,160,1.8908161452277867,0.1,0.01,1.095112374983728,groups_011000
91,165,1.898221277305652,0.1,0.01,1.002593999961391,groups_011000
92,166,1.8976827231348912,0.1,0.01,1.013886999920942,groups_011000
93,167,1.882108960069492,0.1,0.01,1.0338065000250936,groups_011000
94,169,1.882574569335822,0.1,0.01,1.016161249950528,groups_011000
95,170,1.882772347517673,0.1,0.01,0.9958498750347644,groups_011000
96,171,1.8866739815769136,0.1,0.01,0.9982946669915692,groups_011000
97,172,1.8882124758542984,0.1,0.01,0.9907339999917896,groups_011000
98,173,1.882865452011192,0.1,0.01,1.0184387079207229,groups_011000
99,174,1.8886882175632096,0.1,0.01,1.024119375040755,groups_011000
100,176,1.889913015459752,0.1,0.01,0.9848885840037838,groups_011000
101,178,1.8855831542237216,0.1,0.01,0.9926533329999074,groups_011000
102,181,1.8537739038458263,0.0031622776601683,0.0003,0.9869230419863017,groups_011000
103,183,1.875841967817781,0.1,0.01,0.9904925840673968,groups_011000
104,185,1.8608362178841935,0.1,0.01,0.9809138750424607,groups_011000
105,186,1.8629035460235075,0.1,0.01,1.0013179579982534,groups_011000
106,188,1.863652133703107,0.1,0.01,0.993756458046846,groups_011000
107,190,1.8719271972697529,0.1,0.01,0.9819584999931976,groups_011000
108,191,1.8689857512799937,0.1,0.01,0.9851847909158096,groups_011000
109,192,1.8590839869774456,0.0031622776601683,0.0003,0.978563499986194,groups_011000
110,193,1.868260443909884,0.0316227766016837,0.003,1.012702291016467,groups_011000
111,195,1.8823324918237323,0.0031622776601683,0.0003,0.9853240830125288,groups_011000
112,198,1.8799013290437123,0.1,0.01,0.9909747919300572,groups_011000
113,199,1.8824586239714616,0.1,0.01,0.9962640409357846,groups_011000
114,200,1.8738541566305744,0.0316227766016837,0.003,0.9772121669957414,groups_011000
115,201,1.867189176263613,0.1,0.01,0.9950001660035924,groups_011000
1,1,3.137103906873539,0.01,0.003,0.9854049580171704,groups_000001
2,2,3.1029332102956273,0.01,0.003,1.0064245410030708,groups_000001
3,3,3.100379101001529,0.01,0.003,0.9918690000195056,groups_000001
4,5,3.126452369012686,0.01,0.003,0.9884752909420058,groups_000001
5,6,3.110118874072572,0.01,0.003,0.9834931660443544,groups_000001
6,7,3.1354197205551584,0.01,0.003,0.9920117079745978,groups_000001
7,8,3.1239512365961,0.01,0.003,0.9757765830727294,groups_000001
8,9,3.174680633711427,0.01,0.003,0.997394624981098,groups_000001
9,12,3.1485482862711773,0.01,0.003,0.9692568749887868,groups_000001
10,13,3.175507088416411,0.01,0.003,0.9656470840563998,groups_000001
11,14,3.1937188183876364,0.1,0.01,0.9741665410110728,groups_000001
12,15,3.189526982237343,0.01,0.003,0.980747582972981,groups_000001
13,16,3.187567664986685,0.01,0.003,0.9739363340195268,groups_000001
14,17,3.1819874727351123,0.01,0.003,0.9699330830480904,groups_000001
15,18,3.1325989372438063,0.0031622776601683,0.003,0.9814722500741482,groups_000001
16,19,3.1356645872481703,0.0003162277660168,0.001,0.974559791968204,groups_000001
17,21,3.192839555140981,0.01,0.003,0.981273208046332,groups_000001
18,22,3.1726913201491405,0.1,0.01,1.002001791028306,groups_000001
19,23,3.174015704010609,0.0316227766016837,0.003,0.96915383299347,groups_000001
20,24,3.136244439210242,0.01,0.003,0.9915444160578772,groups_000001
21,25,3.1685031884630153,0.0316227766016837,0.003,0.9756591669283808,groups_000001
22,26,3.1464602271157123,0.0316227766016837,0.003,0.9715499159647152,groups_000001
23,27,3.1678828183451597,0.0316227766016837,0.003,0.9911257500061764,groups_000001
24,28,3.1636048455116885,0.0316227766016837,0.003,0.988808499998413,groups_000001
25,29,3.1489837570212833,0.0316227766016837,0.003,0.9725263330619782,groups_000001
26,30,3.139235991685495,0.0316227766016837,0.003,0.9716728340135888,groups_000001
27,32,3.1531816238557866,0.0316227766016837,0.003,0.9689472500467672,groups_000001
28,34,3.155124930340723,0.0316227766016837,0.003,0.9857091250596568,groups_000001
29,36,3.1174402504586394,0.01,0.001,0.971341750002466,groups_000001
30,37,3.117701565760155,0.0316227766016837,0.003,0.979641875019297,groups_000001
31,38,3.146900535888963,0.0316227766016837,0.003,0.9765663329744712,groups_000001
32,40,3.154565705585092,0.1,0.003,0.9828470420325176,groups_000001
33,41,3.149223995460875,0.1,0.01,0.9771210419712588,groups_000001
34,43,3.1623048875169384,0.1,0.003,0.9837787909200416,groups_000001
35,44,3.1595630443134173,0.1,0.003,0.9680802910588682,groups_000001
36,45,3.160469074346534,0.1,0.003,0.9780383749166504,groups_000001
37,46,3.158037144473327,0.1,0.003,0.9722157079959288,groups_000001
38,49,3.1478523008293315,0.0316227766016837,0.001,0.9848385829245672,groups_000001
39,50,3.1549741739036072,0.1,0.003,0.9654655419290066,groups_000001
40,51,3.1493033120718135,0.1,0.01,1.0006827500183135,groups_000001
41,52,3.150624237508457,0.1,0.003,0.9685387089848518,groups_000001
42,53,3.1569991346338067,0.0316227766016837,0.003,0.9740552919683978,groups_000001
43,54,3.143236007407005,0.1,0.003,0.9735279170563444,groups_000001
44,55,3.1565828025357523,0.0316227766016837,0.003,1.01429195899982,groups_000001
45,56,3.1319546363320026,0.0316227766016837,0.003,0.9756295420229436,groups_000001
46,58,3.1584207408630705,0.1,0.003,0.9654147080145776,groups_000001
47,59,3.1557400107598763,0.0316227766016837,0.003,0.9718252499587834,groups_000001
48,60,3.1601761438288096,0.0316227766016837,0.003,0.9948585000820458,groups_000001
49,101,3.1498738933354917,0.0316227766016837,0.003,0.9912191670155152,groups_000001
50,102,3.1536955110289813,0.0316227766016837,0.003,0.9832385419867932,groups_000001
51,104,3.149180371060008,0.0316227766016837,0.003,1.002418749965727,groups_000001
52,106,3.155247562918164,0.0316227766016837,0.003,0.9774404170457274,groups_000001
53,108,3.1301370477562993,0.0316227766016837,0.001,0.9835706250742078,groups_000001
54,109,3.1521226305464736,0.0316227766016837,0.003,0.986396041000262,groups_000001
55,110,3.1221134851760315,0.0316227766016837,0.003,0.9782309579895808,groups_000001
56,112,3.115537344203182,0.1,0.01,0.982672916026786,groups_000001
57,113,3.135378331396313,0.1,0.01,0.977514165919274,groups_000001
58,115,3.135393417973126,0.1,0.01,0.9834961669985204,groups_000001
59,116,3.1165054614842673,0.3162277660168379,0.03,0.9991879999870434,groups_000001
60,118,3.1422659629284837,0.1,0.01,0.9816224590176716,groups_000001
61,119,3.1285017793804952,0.1,0.01,0.9907606249907984,groups_000001
62,120,3.1465845586549777,0.1,0.01,1.0068502080393955,groups_000001
63,121,3.148411495261854,0.1,0.01,0.9712214999599382,groups_000001
64,122,3.104062986895297,0.1,0.01,0.9735239589354024,groups_000001
65,124,3.116389985809685,0.1,0.01,0.9776826669694856,groups_000001
66,125,3.1666663648285396,0.3162277660168379,0.03,0.9816584580112248,groups_000001
67,126,3.141379882177321,0.1,0.01,0.969890333013609,groups_000001
68,127,3.160842610248943,0.3162277660168379,0.03,1.017992791952565,groups_000001
69,129,3.1618382800567217,0.3162277660168379,0.03,1.0103289579274133,groups_000001
70,130,3.15216411778133,0.3162277660168379,0.03,0.98225629189983,groups_000001
71,133,3.1479701196976366,0.3162277660168379,0.03,0.9724262499948964,groups_000001
72,135,3.1610307785051073,0.3162277660168379,0.03,1.0197864579968154,groups_000001
73,137,3.1603589484380548,0.3162277660168379,0.03,1.0161394170718268,groups_000001
74,138,3.1588198586810567,0.3162277660168379,0.03,0.9965396670158952,groups_000001
75,139,3.1604206900658753,0.3162277660168379,0.03,0.9991985000669956,groups_000001
76,140,3.155604009370519,0.3162277660168379,0.03,0.9933739169500768,groups_000001
77,141,3.1716667387623585,0.3162277660168379,0.03,0.9810077499132605,groups_000001
78,142,3.1756691989188326,0.3162277660168379,0.03,0.9825516670243816,groups_000001
79,144,3.135655201771637,0.3162277660168379,0.03,0.976209375075996,groups_000001
80,145,3.123445769974678,0.3162277660168379,0.03,0.9687300840159878,groups_000001
81,146,3.0521974567959815,0.3162277660168379,0.03,0.989935249905102,groups_000001
82,147,3.1363056574274655,0.1,0.01,0.9626765000866726,groups_000001
83,148,3.1340710966323644,0.1,0.01,1.001321166055277,groups_000001
84,149,3.1294674804291023,0.1,0.01,0.9820822499459608,groups_000001
85,150,3.1168502584118927,0.1,0.01,0.968709582928568,groups_000001
86,151,3.132620993767629,0.1,0.01,0.976321541937068,groups_000001
87,153,3.052853914961753,0.1,0.01,0.9800567090278492,groups_000001
88,154,3.105179949870126,0.01,0.003,0.9684028750052676,groups_000001
89,158,3.1160425899055904,0.01,0.003,0.9681231670547276,groups_000001
90,160,3.117203557244955,0.01,0.003,0.972120042075403,groups_000001
91,165,3.089110570818794,0.01,0.003,0.9811349998926744,groups_000001
92,166,3.1090844813030927,0.01,0.003,0.9663508330704644,groups_000001
93,167,3.08462806858281,0.01,0.003,0.9831339999800548,groups_000001
94,169,3.060235275370648,0.01,0.003,0.985732915927656,groups_000001
95,170,3.1319639813005127,0.001,0.001,0.9814459580229596,groups_000001
96,171,3.1308799213081557,0.001,0.001,0.9929678329499438,groups_000001
97,172,3.1434313664275755,0.01,0.003,0.9743662910768762,groups_000001
98,173,3.144690233808052,0.01,0.003,0.9719319579889998,groups_000001
99,174,3.1474761388810935,0.001,0.001,0.9700288339518012,groups_000001
100,176,3.143497720589297,0.01,0.003,0.9830293749691918,groups_000001
101,178,3.1491178207752144,0.0031622776601683,0.001,0.9707436671014876,groups_000001
102,181,3.0959438448790224,0.0001,0.0003,0.9906679589767008,groups_000001
103,183,3.105927514655495,0.0001,0.0003,0.971553917042911,groups_000001
104,185,3.100129645862675,0.0001,0.0003,0.969358416972682,groups_000001
105,186,3.100804525935303,0.0031622776601683,0.001,0.9772904589772224,groups_000001
106,188,3.116226482780513,0.0031622776601683,0.001,1.0085889169713482,groups_000001
107,190,2.9928955357351223,0.0031622776601683,0.001,0.9698259589495136,groups_000001
108,191,3.124814493624187,0.01,0.001,0.9757711660349742,groups_000001
109,192,3.109039650562901,0.001,0.0003,0.9735830830177292,groups_000001
110,193,3.1231898546885746,0.01,0.001,0.9852391249733046,groups_000001
111,195,3.121475032065099,0.01,0.001,0.9747679999563844,groups_000001
112,198,3.110686197700073,0.001,0.0003,0.9802647919859736,groups_000001
113,199,3.0949851090292664,0.001,0.0003,0.9972995419520884,groups_000001
114,200,3.1347844085302556,0.0031622776601683,0.0003,1.010142874903977,groups_000001
115,201,3.1429368756633935,0.0316227766016837,0.003,0.9993060419801624,groups_000001
1,1,2.1396905276006546,0.0031622776601683,0.0003,0.9553939999314024,groups_010000
2,2,2.1607013783338624,0.1,0.01,1.003443875000812,groups_010000
3,3,2.1232631924876806,0.1,0.01,0.9769391668960452,groups_010000
4,5,2.1660556219589147,0.1,0.01,0.969473083037883,groups_010000
5,6,2.1740799471130545,0.0031622776601683,0.0003,0.983443042030558,groups_010000
6,7,2.163861719990087,0.0031622776601683,0.0003,0.9623429579660296,groups_010000
7,8,2.176456593347134,0.1,0.01,1.0104153340216726,groups_010000
8,9,2.180033448683542,0.0031622776601683,0.0003,0.9709099169122056,groups_010000
9,12,2.170527869598699,0.0031622776601683,0.0003,0.9480598750524224,groups_010000
10,13,2.1775911502609477,0.0031622776601683,0.0003,0.9579610829241574,groups_010000
11,14,2.1887103368869294,0.1,0.01,0.9618599590612577,groups_010000
12,15,2.197635801532913,0.0031622776601683,0.0003,0.9597307499498128,groups_010000
13,16,2.182109221270784,0.0031622776601683,0.0003,0.9863758749561384,groups_010000
14,17,2.1832025186244506,0.0031622776601683,0.0003,0.9693745829863474,groups_010000
15,18,2.190839096933298,0.0031622776601683,0.0003,0.9760362500092016,groups_010000
16,19,2.1867121066806616,0.1,0.01,0.971129999961704,groups_010000
17,21,2.215565571830067,0.0031622776601683,0.0003,0.95790479099378,groups_010000
18,22,2.209322285915331,0.0031622776601683,0.0003,0.9458253749180584,groups_010000
19,23,2.0942860443505182,0.0031622776601683,0.0003,0.99947237491142,groups_010000
20,24,2.204579859107945,0.0031622776601683,0.0003,0.9598519589053468,groups_010000
21,25,2.2091043218588964,0.1,0.01,0.9592326669953763,groups_010000
22,26,2.20764689964486,0.1,0.01,0.960875790915452,groups_010000
23,27,2.212790430478639,0.0031622776601683,0.0003,0.959421082981862,groups_010000
24,28,2.208437305280288,0.0031622776601683,0.0003,0.9669315420323984,groups_010000
25,29,2.179574146000794,0.0031622776601683,0.0003,0.9494514999678358,groups_010000
26,30,2.1635506034796936,0.0031622776601683,0.0003,0.956395916058682,groups_010000
27,32,2.177574273313681,0.0031622776601683,0.0003,0.9587092499714344,groups_010000
28,34,2.184845424482201,0.0031622776601683,0.0003,0.96642541710753,groups_010000
29,36,2.170281320177483,0.0031622776601683,0.0003,0.9628750409465284,groups_010000
30,37,2.167421321742948,0.0031622776601683,0.0003,0.950931458035484,groups_010000
31,38,2.1920846959786475,0.0031622776601683,0.0003,0.9545644579920918,groups_010000
32,40,2.1938382966597194,0.0031622776601683,0.0003,0.96156420907937,groups_010000
33,41,2.1301967958821297,0.0001,0.001,0.9609266250627116,groups_010000
34,43,2.171167034794004,0.1,0.01,0.9458310829941184,groups_010000
35,44,2.1732378332623017,0.0031622776601683,0.0003,0.996836957987398,groups_010000
36,45,2.1734669005968112,0.1,0.01,0.965675833984278,groups_010000
37,46,2.1758473450869285,0.0031622776601683,0.0003,0.9441933749476448,groups_010000
38,49,2.1767094558485525,0.0031622776601683,0.0003,0.968231999897398,groups_010000
39,50,2.1926839274092993,0.0031622776601683,0.0003,0.950860582990572,groups_010000
40,51,2.1860294111370178,0.0031622776601683,0.0003,0.9558747919509188,groups_010000
41,52,2.18891955060858,0.1,0.01,0.9653428340097888,groups_010000
42,53,2.167003642910948,0.1,0.01,0.9572329159127548,groups_010000
43,54,2.1580123340092316,0.1,0.01,0.9594907090067863,groups_010000
44,55,2.1771831715558014,0.1,0.01,0.9584424579516052,groups_010000
45,56,2.1842182285536587,0.1,0.01,0.9588688750518486,groups_010000
46,58,2.189896359076818,0.1,0.01,0.9554609170882032,groups_010000
47,59,2.195251188810611,0.1,0.01,0.9546095000114292,groups_010000
48,60,2.1881113507199657,0.1,0.01,0.9646275420673192,groups_010000
49,101,2.1935610042317535,0.1,0.01,0.9605296249501408,groups_010000
50,102,2.1967344752963327,0.1,0.01,0.9460818329825996,groups_010000
51,104,2.1513443663292655,0.1,0.01,0.952431624988094,groups_010000
52,106,2.1920624993658637,0.0031622776601683,0.0003,0.95502337499056,groups_010000
53,108,2.187968372430768,0.0031622776601683,0.0003,0.9733183750649914,groups_010000
54,109,2.096504900723103,0.1,0.01,0.9553065419895574,groups_010000
55,110,2.187275594536028,0.1,0.01,0.948159582912922,groups_010000
56,112,2.1789389296525683,0.1,0.01,0.9634506250731648,groups_010000
57,113,2.183088460920046,0.1,0.01,0.9889130829833448,groups_010000
58,115,2.1672633488121176,0.1,0.01,0.9547297920798884,groups_010000
59,116,2.1237375277457713,0.3162277660168379,0.03,0.9512014999054372,groups_010000
60,118,2.1766197061590917,0.1,0.01,0.9690205829683692,groups_010000
61,119,2.155071323151634,0.3162277660168379,0.03,0.9892613330157474,groups_010000
62,120,2.167212280545869,0.3162277660168379,0.03,0.9891421250067652,groups_010000
63,121,2.176391852063909,0.3162277660168379,0.03,0.953577500069514,groups_010000
64,122,2.1639489604619024,0.3162277660168379,0.03,0.9676667079329492,groups_010000
65,124,2.16892801615715,0.3162277660168379,0.03,0.958450666978024,groups_010000
66,125,2.156046270418453,0.3162277660168379,0.03,0.9624643749557436,groups_010000
67,126,2.1594674954044777,0.3162277660168379,0.03,0.99076108308509,groups_010000
68,127,2.1687457554380267,0.3162277660168379,0.03,0.9611068340018392,groups_010000
69,129,2.1608222254981486,0.3162277660168379,0.03,1.0108498339541256,groups_010000
70,130,2.1488626277682985,0.3162277660168379,0.03,0.9904037499800324,groups_010000
71,133,2.156164052610515,0.1,0.01,0.9525450830115004,groups_010000
72,135,2.1661109235591836,0.1,0.01,0.960786083014682,groups_010000
73,137,2.1582359906049664,0.3162277660168379,0.03,0.9615967499557884,groups_010000
74,138,2.2127954111457995,0.3162277660168379,0.03,0.9703651249874384,groups_010000
75,139,2.2103336769487103,0.3162277660168379,0.03,0.9496068749576808,groups_010000
76,140,2.1860144484583177,0.3162277660168379,0.03,0.9669702079845592,groups_010000
77,141,2.1893762096120546,0.3162277660168379,0.03,0.959381917025894,groups_010000
78,142,2.2090420809403497,0.3162277660168379,0.03,0.978677042061463,groups_010000
79,144,2.210772664148725,0.3162277660168379,0.03,0.9937088750302792,groups_010000
80,145,2.2162952798014417,0.3162277660168379,0.03,0.9670088751008734,groups_010000
81,146,2.214926175459998,0.3162277660168379,0.03,0.9540177499875426,groups_010000
82,147,2.2171812259845214,0.3162277660168379,0.03,0.9702108340570704,groups_010000
83,148,2.201832216661363,0.3162277660168379,0.03,0.9614368750480936,groups_010000
84,149,2.214078241471377,0.3162277660168379,0.03,0.9734962499933316,groups_010000
85,150,2.219285665539757,0.3162277660168379,0.03,0.961141041945666,groups_010000
86,151,2.219919561551699,0.3162277660168379,0.03,0.9623328340239824,groups_010000
87,153,2.2150730491528687,0.3162277660168379,0.03,0.9578580830711872,groups_010000
88,154,2.2247255379098716,0.3162277660168379,0.03,0.950082250055857,groups_010000
89,158,2.2266842075798468,0.3162277660168379,0.03,0.961809332948178,groups_010000
90,160,2.2256291021337913,0.3162277660168379,0.03,0.976309375022538,groups_010000
91,165,2.2259537337190096,0.3162277660168379,0.03,0.9661235000239684,groups_010000
92,166,2.219474448754924,0.3162277660168379,0.03,0.9698282909812406,groups_010000
93,167,2.210443196624559,0.3162277660168379,0.03,0.9579005419509484,groups_010000
94,169,2.1945214107444935,0.3162277660168379,0.03,0.9689137079985812,groups_010000
95,170,2.2003878965859007,0.1,0.01,0.9582892920589074,groups_010000
96,171,2.2014094407643148,0.1,0.01,0.9523271670332178,groups_010000
97,172,2.198066356532123,0.1,0.01,0.949413208058104,groups_010000
98,173,2.1841845467196204,0.1,0.01,0.9696978330612184,groups_010000
99,174,2.2032492750252013,0.1,0.01,0.9470173328882084,groups_010000
100,176,2.1986816441760766,0.3162277660168379,0.03,0.9681493330281228,groups_010000
101,178,2.208220989620924,0.3162277660168379,0.03,0.9915603749686852,groups_010000
102,181,2.153567898647657,0.0031622776601683,0.0003,0.9605349159101024,groups_010000
103,183,2.185905267053017,0.0031622776601683,0.0003,0.9667404999490828,groups_010000
104,185,2.185675503045609,0.0031622776601683,0.0003,0.9597933330805972,groups_010000
105,186,2.1925299765534763,0.0031622776601683,0.0003,0.9466052909847348,groups_010000
106,188,2.1954878394006276,0.1,0.01,0.9690043749287724,groups_010000
107,190,2.1895723981214386,0.1,0.01,0.9733963750768452,groups_010000
108,191,2.1973732448288743,0.1,0.01,0.988665375043638,groups_010000
109,192,2.196797063017621,0.0031622776601683,0.0003,0.952019999967888,groups_010000
110,193,2.197341663634641,0.0031622776601683,0.0003,0.9578400000464172,groups_010000
111,195,2.198504105495713,0.3162277660168379,0.01,0.9646368339890614,groups_010000
112,198,2.199227230336433,0.0031622776601683,0.0003,0.9537758330116048,groups_010000
113,199,2.203396872647708,0.3162277660168379,0.01,0.9584550420986488,groups_010000
114,200,2.1989696286910916,0.0031622776601683,0.0003,0.9673871248960496,groups_010000
115,201,2.1901648850162823,0.3162277660168379,0.01,0.9582647500792518,groups_010000
